time,weather_code,temperature_2m_mean,temperature_2m_max,temperature_2m_min,precipitation_sum,rain_sum,precipitation_hours,wind_speed_10m_max,wind_gusts_10m_max,wind_direction_10m_dominant,sunrise,sunset,sunshine_duration,city,latitude,longitude
2021-06-30,65,29.9,33.4,28.0,11.6,11.6,6.0,23.7,46.1,206,2021-06-30T04:55,2021-06-30T18:25,20837.76,Kolkata,22.5726,88.3639
2021-07-01,63,29.8,33.4,27.8,10.5,10.5,10.0,19.1,37.1,193,2021-07-01T04:55,2021-07-01T18:25,21439.24,Kolkata,22.5726,88.3639
2021-07-02,63,29.2,32.2,27.8,15.9,15.9,13.0,18.7,33.8,209,2021-07-02T04:56,2021-07-02T18:25,12291.52,Kolkata,22.5726,88.3639
2021-07-03,63,29.2,32.9,27.3,7.6,7.6,11.0,15.5,32.0,202,2021-07-03T04:56,2021-07-03T18:25,29486.65,Kolkata,22.5726,88.3639
2021-07-04,63,28.6,32.1,26.9,8.0,8.0,11.0,12.0,29.5,180,2021-07-04T04:56,2021-07-04T18:25,41145.46,Kolkata,22.5726,88.3639
2021-07-05,63,28.4,31.4,25.8,8.7,8.7,14.0,12.8,29.9,163,2021-07-05T04:57,2021-07-05T18:25,42914.28,Kolkata,22.5726,88.3639
2021-07-06,65,28.9,31.9,26.4,15.9,15.9,13.0,12.4,27.4,189,2021-07-06T04:57,2021-07-06T18:25,35535.45,Kolkata,22.5726,88.3639
2021-07-07,65,29.0,32.7,26.9,27.3,27.3,11.0,13.6,31.3,191,2021-07-07T04:57,2021-07-07T18:25,31182.73,Kolkata,22.5726,88.3639
2021-07-08,63,27.4,30.3,25.7,16.5,16.5,16.0,11.3,31.3,154,2021-07-08T04:58,2021-07-08T18:25,4051.05,Kolkata,22.5726,88.3639
2021-07-09,63,28.3,30.9,26.1,10.9,10.9,11.0,16.2,33.1,144,2021-07-09T04:58,2021-07-09T18:25,37120.1,Kolkata,22.5726,88.3639
2021-07-10,63,28.8,32.0,26.5,6.3,6.3,15.0,12.9,34.6,120,2021-07-10T04:58,2021-07-10T18:25,31037.53,Kolkata,22.5726,88.3639
2021-07-11,61,29.0,32.8,26.5,5.0,5.0,16.0,15.8,34.6,116,2021-07-11T04:59,2021-07-11T18:24,40253.91,Kolkata,22.5726,88.3639
2021-07-12,63,28.6,31.5,26.9,6.0,6.0,11.0,16.0,37.8,120,2021-07-12T04:59,2021-07-12T18:24,28580.43,Kolkata,22.5726,88.3639
2021-07-13,61,28.4,31.2,26.4,4.4,4.4,13.0,20.1,42.1,136,2021-07-13T05:00,2021-07-13T18:24,40745.74,Kolkata,22.5726,88.3639
2021-07-14,55,28.5,31.3,26.3,4.0,4.0,14.0,19.9,42.8,153,2021-07-14T05:00,2021-07-14T18:24,43179.61,Kolkata,22.5726,88.3639
2021-07-15,51,29.3,32.6,26.3,0.9,0.9,6.0,13.4,29.2,167,2021-07-15T05:00,2021-07-15T18:24,43200.0,Kolkata,22.5726,88.3639
2021-07-16,53,29.4,32.5,26.5,2.5,2.5,8.0,15.8,34.9,192,2021-07-16T05:01,2021-07-16T18:24,43778.71,Kolkata,22.5726,88.3639
2021-07-17,53,29.5,31.8,27.2,1.5,1.5,3.0,16.7,33.5,190,2021-07-17T05:01,2021-07-17T18:23,40181.24,Kolkata,22.5726,88.3639
2021-07-18,61,30.0,33.7,27.5,2.8,2.8,6.0,16.5,32.4,197,2021-07-18T05:02,2021-07-18T18:23,40416.8,Kolkata,22.5726,88.3639
2021-07-19,61,29.7,33.1,27.5,6.5,6.5,12.0,13.5,25.9,204,2021-07-19T05:02,2021-07-19T18:23,26797.05,Kolkata,22.5726,88.3639
2021-07-20,63,28.3,29.5,27.4,11.3,11.3,19.0,11.7,22.3,216,2021-07-20T05:03,2021-07-20T18:22,2412.82,Kolkata,22.5726,88.3639
2021-07-21,63,28.6,32.3,26.3,9.6,9.6,13.0,13.4,25.9,128,2021-07-21T05:03,2021-07-21T18:22,32530.73,Kolkata,22.5726,88.3639
2021-07-22,61,28.7,31.8,26.8,7.3,7.3,16.0,20.6,50.4,79,2021-07-22T05:03,2021-07-22T18:22,35457.11,Kolkata,22.5726,88.3639
2021-07-23,63,27.7,29.7,25.7,16.4,16.4,23.0,21.7,42.1,110,2021-07-23T05:04,2021-07-23T18:21,19857.21,Kolkata,22.5726,88.3639
2021-07-24,63,27.9,30.9,26.2,13.0,13.0,17.0,18.4,36.0,152,2021-07-24T05:04,2021-07-24T18:21,6753.27,Kolkata,22.5726,88.3639
2021-07-25,63,28.4,31.4,25.6,11.1,11.1,13.0,10.9,23.0,178,2021-07-25T05:05,2021-07-25T18:21,32708.44,Kolkata,22.5726,88.3639
2021-07-26,63,29.2,32.6,27.0,17.1,17.1,19.0,14.2,28.8,242,2021-07-26T05:05,2021-07-26T18:20,31171.99,Kolkata,22.5726,88.3639
2021-07-27,63,28.2,31.6,26.5,25.3,25.3,20.0,15.5,34.9,272,2021-07-27T05:06,2021-07-27T18:20,17031.94,Kolkata,22.5726,88.3639
2021-07-28,65,27.2,29.9,25.7,52.7,52.7,19.0,20.9,40.0,296,2021-07-28T05:06,2021-07-28T18:19,14997.69,Kolkata,22.5726,88.3639
2021-07-29,65,26.9,29.3,25.8,70.2,70.2,20.0,24.5,46.1,282,2021-07-29T05:06,2021-07-29T18:19,4667.87,Kolkata,22.5726,88.3639
2021-07-30,63,27.3,29.5,25.7,34.5,34.5,15.0,22.4,45.0,195,2021-07-30T05:07,2021-07-30T18:18,1449.23,Kolkata,22.5726,88.3639
2021-07-31,51,28.6,31.2,26.7,0.6,0.6,5.0,17.1,43.9,189,2021-07-31T05:07,2021-07-31T18:18,29593.39,Kolkata,22.5726,88.3639
2021-08-01,61,28.7,32.1,26.4,3.2,3.2,8.0,13.0,25.9,194,2021-08-01T05:08,2021-08-01T18:17,26582.88,Kolkata,22.5726,88.3639
2021-08-02,53,28.7,31.4,26.8,2.5,2.5,14.0,10.8,26.6,209,2021-08-02T05:08,2021-08-02T18:17,19237.94,Kolkata,22.5726,88.3639
2021-08-03,65,27.4,30.3,26.0,36.2,36.2,24.0,13.0,26.6,254,2021-08-03T05:08,2021-08-03T18:16,20741.52,Kolkata,22.5726,88.3639
2021-08-04,65,27.4,31.0,25.5,14.1,14.1,19.0,13.7,27.4,308,2021-08-04T05:09,2021-08-04T18:16,14422.09,Kolkata,22.5726,88.3639
2021-08-05,63,27.9,31.4,25.1,16.5,16.5,21.0,12.2,23.0,266,2021-08-05T05:09,2021-08-05T18:15,23876.27,Kolkata,22.5726,88.3639
2021-08-06,63,28.5,32.6,25.8,12.0,12.0,14.0,12.3,33.5,191,2021-08-06T05:10,2021-08-06T18:14,39632.93,Kolkata,22.5726,88.3639
2021-08-07,65,28.1,30.8,26.4,26.1,26.1,17.0,14.9,28.8,181,2021-08-07T05:10,2021-08-07T18:14,25769.05,Kolkata,22.5726,88.3639
2021-08-08,63,27.9,30.8,25.9,32.8,32.8,19.0,16.4,31.7,195,2021-08-08T05:10,2021-08-08T18:13,20083.45,Kolkata,22.5726,88.3639
2021-08-09,63,29.1,31.7,27.0,8.7,8.7,8.0,15.9,32.0,194,2021-08-09T05:11,2021-08-09T18:12,27162.49,Kolkata,22.5726,88.3639
2021-08-10,63,29.5,32.6,27.9,10.4,10.4,10.0,14.1,35.3,199,2021-08-10T05:11,2021-08-10T18:12,24690.2,Kolkata,22.5726,88.3639
2021-08-11,63,30.0,33.1,27.9,8.5,8.5,11.0,13.8,29.9,193,2021-08-11T05:12,2021-08-11T18:11,34044.19,Kolkata,22.5726,88.3639
2021-08-12,63,28.7,31.8,26.8,11.6,11.6,21.0,16.3,33.1,182,2021-08-12T05:12,2021-08-12T18:10,32756.5,Kolkata,22.5726,88.3639
2021-08-13,63,28.5,32.6,25.7,15.6,15.6,11.0,12.3,23.4,200,2021-08-13T05:12,2021-08-13T18:09,25200.0,Kolkata,22.5726,88.3639
2021-08-14,55,29.2,33.0,26.7,3.4,3.4,9.0,13.3,29.9,187,2021-08-14T05:13,2021-08-14T18:09,35175.44,Kolkata,22.5726,88.3639
2021-08-15,53,29.3,32.8,26.9,1.5,1.5,6.0,14.8,31.0,167,2021-08-15T05:13,2021-08-15T18:08,35810.25,Kolkata,22.5726,88.3639
2021-08-16,63,28.0,31.0,26.7,12.9,12.9,21.0,14.6,30.6,121,2021-08-16T05:13,2021-08-16T18:07,20347.82,Kolkata,22.5726,88.3639
2021-08-17,61,26.9,29.3,26.2,19.3,19.3,20.0,16.8,34.2,143,2021-08-17T05:14,2021-08-17T18:06,7200.0,Kolkata,22.5726,88.3639
2021-08-18,61,27.0,28.8,25.6,8.8,8.8,20.0,22.4,43.2,170,2021-08-18T05:14,2021-08-18T18:06,13212.62,Kolkata,22.5726,88.3639
2021-08-19,61,26.7,28.9,25.3,11.0,11.0,19.0,19.8,40.7,167,2021-08-19T05:15,2021-08-19T18:05,12882.24,Kolkata,22.5726,88.3639
2021-08-20,63,26.9,29.1,25.7,6.5,6.5,15.0,16.0,33.1,159,2021-08-20T05:15,2021-08-20T18:04,2912.45,Kolkata,22.5726,88.3639
2021-08-21,53,27.6,30.6,25.9,2.7,2.7,12.0,15.8,33.8,168,2021-08-21T05:15,2021-08-21T18:03,23315.85,Kolkata,22.5726,88.3639
2021-08-22,51,28.9,32.7,25.8,0.3,0.3,3.0,15.9,31.3,199,2021-08-22T05:16,2021-08-22T18:02,38343.9,Kolkata,22.5726,88.3639
2021-08-23,63,29.2,33.0,27.0,8.7,8.7,9.0,16.4,33.8,211,2021-08-23T05:16,2021-08-23T18:02,40757.81,Kolkata,22.5726,88.3639
2021-08-24,61,29.6,32.9,27.3,3.9,3.9,8.0,11.7,30.6,212,2021-08-24T05:16,2021-08-24T18:01,41069.99,Kolkata,22.5726,88.3639
2021-08-25,63,29.3,32.5,27.3,15.8,15.8,9.0,12.2,27.7,216,2021-08-25T05:17,2021-08-25T18:00,27168.3,Kolkata,22.5726,88.3639
2021-08-26,63,28.4,31.8,26.1,30.6,30.6,17.0,8.7,21.2,216,2021-08-26T05:17,2021-08-26T17:59,15051.09,Kolkata,22.5726,88.3639
2021-08-27,63,27.6,30.8,25.5,22.7,22.7,18.0,17.2,34.6,114,2021-08-27T05:17,2021-08-27T17:58,16433.86,Kolkata,22.5726,88.3639
2021-08-28,61,28.1,31.5,26.2,5.6,5.6,15.0,14.8,36.4,109,2021-08-28T05:18,2021-08-28T17:57,34250.91,Kolkata,22.5726,88.3639
2021-08-29,61,27.7,30.7,25.9,8.2,8.2,19.0,15.6,38.5,129,2021-08-29T05:18,2021-08-29T17:56,32297.13,Kolkata,22.5726,88.3639
2021-08-30,61,27.2,30.0,25.6,9.5,9.5,12.0,17.9,36.4,128,2021-08-30T05:18,2021-08-30T17:55,27755.82,Kolkata,22.5726,88.3639
2021-08-31,61,28.0,31.3,25.6,6.0,6.0,9.0,15.5,33.5,152,2021-08-31T05:18,2021-08-31T17:54,32154.99,Kolkata,22.5726,88.3639
2021-09-01,53,28.7,32.3,25.7,2.2,2.2,11.0,12.1,25.2,190,2021-09-01T05:19,2021-09-01T17:53,38695.61,Kolkata,22.5726,88.3639
2021-09-02,61,28.5,32.3,26.1,3.2,3.2,8.0,12.1,25.9,183,2021-09-02T05:19,2021-09-02T17:52,35108.72,Kolkata,22.5726,88.3639
2021-09-03,55,28.6,31.9,25.8,2.8,2.8,7.0,8.9,24.5,186,2021-09-03T05:19,2021-09-03T17:51,41890.72,Kolkata,22.5726,88.3639
2021-09-04,55,29.1,32.8,26.4,2.0,2.0,4.0,11.6,23.8,160,2021-09-04T05:20,2021-09-04T17:50,43200.0,Kolkata,22.5726,88.3639
2021-09-05,53,29.4,32.8,26.5,1.1,1.1,5.0,14.0,29.9,99,2021-09-05T05:20,2021-09-05T17:50,39933.25,Kolkata,22.5726,88.3639
2021-09-06,63,28.2,30.8,26.3,7.8,7.8,16.0,24.9,53.6,94,2021-09-06T05:20,2021-09-06T17:49,34660.49,Kolkata,22.5726,88.3639
2021-09-07,63,26.9,29.0,25.5,19.6,19.6,17.0,18.9,40.3,130,2021-09-07T05:21,2021-09-07T17:48,9599.78,Kolkata,22.5726,88.3639
2021-09-08,63,27.0,30.5,25.2,11.7,11.7,14.0,12.3,26.3,145,2021-09-08T05:21,2021-09-08T17:47,29285.19,Kolkata,22.5726,88.3639
2021-09-09,53,27.7,30.5,25.0,3.1,3.1,12.0,10.7,27.0,130,2021-09-09T05:21,2021-09-09T17:46,43200.0,Kolkata,22.5726,88.3639
2021-09-10,61,28.6,33.0,25.7,5.7,5.7,8.0,15.1,30.2,62,2021-09-10T05:21,2021-09-10T17:45,38560.26,Kolkata,22.5726,88.3639
2021-09-11,63,27.8,31.5,26.3,15.1,15.1,11.0,20.2,41.8,92,2021-09-11T05:22,2021-09-11T17:44,31542.11,Kolkata,22.5726,88.3639
2021-09-12,63,27.9,30.8,25.8,8.4,8.4,12.0,30.3,65.9,79,2021-09-12T05:22,2021-09-12T17:43,29890.08,Kolkata,22.5726,88.3639
2021-09-13,63,27.0,29.4,25.5,23.2,23.2,24.0,30.9,59.8,113,2021-09-13T05:22,2021-09-13T17:42,10877.5,Kolkata,22.5726,88.3639
2021-09-14,63,26.5,28.3,25.3,29.5,29.5,23.0,23.7,44.3,134,2021-09-14T05:23,2021-09-14T17:41,2973.07,Kolkata,22.5726,88.3639
2021-09-15,61,26.8,29.3,24.8,11.8,11.8,16.0,18.4,35.6,138,2021-09-15T05:23,2021-09-15T17:40,16756.31,Kolkata,22.5726,88.3639
2021-09-16,63,27.3,30.7,25.2,7.5,7.5,12.0,13.2,29.2,157,2021-09-16T05:23,2021-09-16T17:39,35105.18,Kolkata,22.5726,88.3639
2021-09-17,61,27.6,31.6,25.3,8.4,8.4,14.0,8.7,21.6,144,2021-09-17T05:23,2021-09-17T17:38,27377.46,Kolkata,22.5726,88.3639
2021-09-18,63,27.1,29.3,25.3,19.7,19.7,16.0,7.2,20.2,168,2021-09-18T05:24,2021-09-18T17:37,17893.53,Kolkata,22.5726,88.3639
2021-09-19,63,25.8,27.1,24.9,60.4,60.4,22.0,8.4,18.0,208,2021-09-19T05:24,2021-09-19T17:36,0.0,Kolkata,22.5726,88.3639
2021-09-20,65,25.5,26.8,24.7,58.8,58.8,23.0,14.4,28.1,121,2021-09-20T05:24,2021-09-20T17:35,0.0,Kolkata,22.5726,88.3639
2021-09-21,63,25.4,26.9,24.2,35.5,35.5,21.0,17.8,34.6,124,2021-09-21T05:25,2021-09-21T17:34,0.0,Kolkata,22.5726,88.3639
2021-09-22,63,26.1,29.2,24.3,19.3,19.3,18.0,17.4,36.0,130,2021-09-22T05:25,2021-09-22T17:33,8439.35,Kolkata,22.5726,88.3639
2021-09-23,61,27.0,30.1,24.5,8.9,8.9,16.0,13.6,29.9,143,2021-09-23T05:25,2021-09-23T17:32,41335.52,Kolkata,22.5726,88.3639
2021-09-24,3,28.5,32.7,24.2,0.0,0.0,0.0,9.8,17.6,151,2021-09-24T05:25,2021-09-24T17:31,43052.16,Kolkata,22.5726,88.3639
2021-09-25,61,28.0,31.4,25.7,5.3,5.3,8.0,9.2,25.9,89,2021-09-25T05:26,2021-09-25T17:30,29293.29,Kolkata,22.5726,88.3639
2021-09-26,63,28.0,31.9,26.0,7.6,7.6,8.0,18.8,48.2,93,2021-09-26T05:26,2021-09-26T17:29,39144.2,Kolkata,22.5726,88.3639
2021-09-27,65,27.3,30.1,25.8,14.2,14.2,8.0,16.0,43.9,102,2021-09-27T05:26,2021-09-27T17:28,17967.59,Kolkata,22.5726,88.3639
2021-09-28,63,26.3,28.8,25.2,22.2,22.2,17.0,32.4,58.0,80,2021-09-28T05:27,2021-09-28T17:27,10184.17,Kolkata,22.5726,88.3639
2021-09-29,65,25.9,28.1,24.4,49.4,49.4,17.0,25.8,53.3,147,2021-09-29T05:27,2021-09-29T17:26,1948.22,Kolkata,22.5726,88.3639
2021-09-30,63,27.2,30.8,25.4,5.9,5.9,13.0,15.9,32.0,152,2021-09-30T05:27,2021-09-30T17:25,24985.29,Kolkata,22.5726,88.3639
2021-10-01,53,27.8,31.7,24.6,0.8,0.8,3.0,12.0,24.8,178,2021-10-01T05:28,2021-10-01T17:24,40244.64,Kolkata,22.5726,88.3639
2021-10-02,51,28.5,32.3,25.7,0.3,0.3,3.0,13.5,28.1,199,2021-10-02T05:28,2021-10-02T17:23,41484.26,Kolkata,22.5726,88.3639
2021-10-03,63,28.1,31.3,25.8,21.2,21.2,11.0,14.7,35.6,201,2021-10-03T05:28,2021-10-03T17:22,26746.03,Kolkata,22.5726,88.3639
2021-10-04,63,28.0,31.3,25.6,4.6,4.6,7.0,15.3,29.5,205,2021-10-04T05:29,2021-10-04T17:21,39501.77,Kolkata,22.5726,88.3639
2021-10-05,63,27.6,30.4,25.0,17.2,17.2,14.0,9.0,23.0,200,2021-10-05T05:29,2021-10-05T17:20,23160.53,Kolkata,22.5726,88.3639
2021-10-06,61,28.0,31.2,25.9,6.4,6.4,8.0,10.0,22.7,220,2021-10-06T05:29,2021-10-06T17:19,39339.82,Kolkata,22.5726,88.3639
2021-10-07,51,28.4,31.5,25.4,0.4,0.4,4.0,7.4,23.0,227,2021-10-07T05:30,2021-10-07T17:18,40031.6,Kolkata,22.5726,88.3639
2021-10-08,51,28.6,31.9,25.7,0.7,0.7,5.0,5.6,20.2,239,2021-10-08T05:30,2021-10-08T17:17,40542.83,Kolkata,22.5726,88.3639
2021-10-09,53,28.6,32.1,25.9,1.1,1.1,4.0,6.4,16.9,267,2021-10-09T05:30,2021-10-09T17:16,38334.59,Kolkata,22.5726,88.3639
2021-10-10,53,28.6,31.8,25.9,0.7,0.7,2.0,7.1,18.4,348,2021-10-10T05:31,2021-10-10T17:15,37621.37,Kolkata,22.5726,88.3639
2021-10-11,53,28.9,32.5,25.9,0.9,0.9,3.0,10.6,22.3,349,2021-10-11T05:31,2021-10-11T17:14,40061.23,Kolkata,22.5726,88.3639
2021-10-12,3,29.3,33.0,26.2,0.0,0.0,0.0,9.4,22.0,348,2021-10-12T05:32,2021-10-12T17:14,39309.7,Kolkata,22.5726,88.3639
2021-10-13,63,27.9,31.7,26.2,6.0,6.0,6.0,11.4,27.7,11,2021-10-13T05:32,2021-10-13T17:13,23871.82,Kolkata,22.5726,88.3639
2021-10-14,63,27.6,31.4,24.9,7.8,7.8,4.0,10.4,23.8,358,2021-10-14T05:32,2021-10-14T17:12,35657.58,Kolkata,22.5726,88.3639
2021-10-15,53,29.2,33.6,25.5,1.6,1.6,5.0,8.0,16.2,42,2021-10-15T05:33,2021-10-15T17:11,38851.92,Kolkata,22.5726,88.3639
2021-10-16,63,27.2,30.5,25.3,13.4,13.4,17.0,13.6,29.2,103,2021-10-16T05:33,2021-10-16T17:10,12561.52,Kolkata,22.5726,88.3639
2021-10-17,65,26.8,30.3,25.4,36.0,36.0,16.0,22.7,41.0,94,2021-10-17T05:34,2021-10-17T17:09,14172.11,Kolkata,22.5726,88.3639
2021-10-18,63,25.0,25.6,24.6,55.6,55.6,24.0,18.7,34.9,135,2021-10-18T05:34,2021-10-18T17:09,0.0,Kolkata,22.5726,88.3639
2021-10-19,63,25.0,25.7,23.9,36.5,36.5,23.0,17.0,33.5,156,2021-10-19T05:34,2021-10-19T17:08,0.0,Kolkata,22.5726,88.3639
2021-10-20,63,25.9,29.1,23.8,13.7,13.7,16.0,13.4,28.1,207,2021-10-20T05:35,2021-10-20T17:07,23188.36,Kolkata,22.5726,88.3639
2021-10-21,2,26.7,30.6,23.3,0.0,0.0,0.0,10.8,23.8,269,2021-10-21T05:35,2021-10-21T17:06,39315.39,Kolkata,22.5726,88.3639
2021-10-22,51,26.5,31.4,22.7,0.2,0.2,2.0,9.4,18.0,233,2021-10-22T05:36,2021-10-22T17:05,39312.81,Kolkata,22.5726,88.3639
2021-10-23,2,26.4,31.3,21.6,0.0,0.0,0.0,8.0,12.6,24,2021-10-23T05:36,2021-10-23T17:05,39053.77,Kolkata,22.5726,88.3639
2021-10-24,51,26.1,30.4,22.4,0.1,0.1,1.0,6.1,16.2,356,2021-10-24T05:37,2021-10-24T17:04,38020.23,Kolkata,22.5726,88.3639
2021-10-25,51,25.5,29.6,22.3,0.1,0.1,1.0,7.1,15.8,5,2021-10-25T05:37,2021-10-25T17:03,38660.92,Kolkata,22.5726,88.3639
2021-10-26,51,26.0,29.9,22.4,0.1,0.1,1.0,9.2,20.9,31,2021-10-26T05:38,2021-10-26T17:03,38166.34,Kolkata,22.5726,88.3639
2021-10-27,61,25.5,29.9,22.7,2.0,2.0,5.0,16.5,32.0,60,2021-10-27T05:38,2021-10-27T17:02,37928.74,Kolkata,22.5726,88.3639
2021-10-28,63,25.1,29.3,23.0,5.3,5.3,4.0,14.0,32.0,65,2021-10-28T05:39,2021-10-28T17:01,32240.75,Kolkata,22.5726,88.3639
2021-10-29,3,26.2,30.2,23.3,0.0,0.0,0.0,10.4,22.7,10,2021-10-29T05:39,2021-10-29T17:00,32400.0,Kolkata,22.5726,88.3639
2021-10-30,3,25.6,30.3,22.4,0.0,0.0,0.0,12.7,26.3,352,2021-10-30T05:40,2021-10-30T17:00,37991.54,Kolkata,22.5726,88.3639
2021-10-31,1,25.4,29.8,22.0,0.0,0.0,0.0,9.5,20.9,12,2021-10-31T05:40,2021-10-31T16:59,37492.89,Kolkata,22.5726,88.3639
2021-11-01,2,25.1,29.9,20.6,0.0,0.0,0.0,8.4,19.4,32,2021-11-01T05:41,2021-11-01T16:59,37774.31,Kolkata,22.5726,88.3639
2021-11-02,3,24.3,29.2,19.7,0.0,0.0,0.0,11.9,24.1,29,2021-11-02T05:41,2021-11-02T16:58,37534.9,Kolkata,22.5726,88.3639
2021-11-03,3,23.9,29.3,19.5,0.0,0.0,0.0,12.0,24.5,1,2021-11-03T05:42,2021-11-03T16:58,38079.13,Kolkata,22.5726,88.3639
2021-11-04,3,23.6,28.8,19.1,0.0,0.0,0.0,10.0,14.4,350,2021-11-04T05:42,2021-11-04T16:57,36792.32,Kolkata,22.5726,88.3639
2021-11-05,3,22.9,28.3,17.9,0.0,0.0,0.0,10.4,23.0,358,2021-11-05T05:43,2021-11-05T16:57,37862.11,Kolkata,22.5726,88.3639
2021-11-06,3,22.9,28.2,17.7,0.0,0.0,0.0,11.9,25.2,355,2021-11-06T05:43,2021-11-06T16:56,37622.13,Kolkata,22.5726,88.3639
2021-11-07,2,22.7,28.4,17.8,0.0,0.0,0.0,12.3,25.6,5,2021-11-07T05:44,2021-11-07T16:56,37644.82,Kolkata,22.5726,88.3639
2021-11-08,3,22.6,28.8,17.2,0.0,0.0,0.0,11.7,25.2,351,2021-11-08T05:45,2021-11-08T16:55,37404.15,Kolkata,22.5726,88.3639
2021-11-09,0,23.0,29.0,17.4,0.0,0.0,0.0,9.7,18.0,342,2021-11-09T05:45,2021-11-09T16:55,37426.99,Kolkata,22.5726,88.3639
2021-11-10,1,23.4,29.2,17.7,0.0,0.0,0.0,8.8,16.9,352,2021-11-10T05:46,2021-11-10T16:54,37185.53,Kolkata,22.5726,88.3639
2021-11-11,3,24.4,29.5,19.2,0.0,0.0,0.0,8.4,20.5,22,2021-11-11T05:46,2021-11-11T16:54,36148.21,Kolkata,22.5726,88.3639
2021-11-12,3,25.4,30.1,21.9,0.0,0.0,0.0,9.6,21.6,40,2021-11-12T05:47,2021-11-12T16:54,31068.41,Kolkata,22.5726,88.3639
2021-11-13,61,23.3,25.3,21.5,7.0,7.0,13.0,11.2,23.4,46,2021-11-13T05:48,2021-11-13T16:53,2297.25,Kolkata,22.5726,88.3639
2021-11-14,53,23.1,26.6,20.9,1.0,1.0,2.0,9.7,20.2,62,2021-11-14T05:48,2021-11-14T16:53,18474.61,Kolkata,22.5726,88.3639
2021-11-15,65,22.8,25.3,21.2,35.1,35.1,19.0,10.0,22.3,46,2021-11-15T05:49,2021-11-15T16:53,1659.08,Kolkata,22.5726,88.3639
2021-11-16,3,23.2,27.8,20.0,0.0,0.0,0.0,12.3,26.6,22,2021-11-16T05:50,2021-11-16T16:52,36000.0,Kolkata,22.5726,88.3639
2021-11-17,0,22.1,27.4,18.4,0.0,0.0,0.0,13.0,27.4,10,2021-11-17T05:50,2021-11-17T16:52,36277.95,Kolkata,22.5726,88.3639
2021-11-18,3,22.0,27.7,16.9,0.0,0.0,0.0,8.4,19.1,356,2021-11-18T05:51,2021-11-18T16:52,36568.13,Kolkata,22.5726,88.3639
2021-11-19,3,22.6,28.5,16.7,0.0,0.0,0.0,8.3,16.9,10,2021-11-19T05:52,2021-11-19T16:52,36321.8,Kolkata,22.5726,88.3639
2021-11-20,3,23.9,29.1,18.9,0.0,0.0,0.0,7.9,14.0,41,2021-11-20T05:52,2021-11-20T16:51,36074.58,Kolkata,22.5726,88.3639
2021-11-21,3,24.8,29.5,20.4,0.0,0.0,0.0,8.3,19.1,347,2021-11-21T05:53,2021-11-21T16:51,36000.0,Kolkata,22.5726,88.3639
2021-11-22,3,25.6,29.9,21.6,0.0,0.0,0.0,8.7,14.4,160,2021-11-22T05:54,2021-11-22T16:51,36000.0,Kolkata,22.5726,88.3639
2021-11-23,53,25.0,29.9,21.6,0.8,0.8,1.0,7.6,15.8,236,2021-11-23T05:54,2021-11-23T16:51,32776.1,Kolkata,22.5726,88.3639
2021-11-24,0,24.2,29.1,20.8,0.0,0.0,0.0,9.8,22.3,15,2021-11-24T05:55,2021-11-24T16:51,36000.0,Kolkata,22.5726,88.3639
2021-11-25,0,23.5,28.8,19.2,0.0,0.0,0.0,9.8,16.6,23,2021-11-25T05:55,2021-11-25T16:51,36000.0,Kolkata,22.5726,88.3639
2021-11-26,3,23.2,28.0,19.7,0.0,0.0,0.0,9.7,22.0,33,2021-11-26T05:56,2021-11-26T16:51,33421.54,Kolkata,22.5726,88.3639
2021-11-27,2,21.7,27.4,17.5,0.0,0.0,0.0,11.3,23.8,352,2021-11-27T05:57,2021-11-27T16:51,36000.0,Kolkata,22.5726,88.3639
2021-11-28,3,21.2,27.2,16.1,0.0,0.0,0.0,9.7,21.2,339,2021-11-28T05:57,2021-11-28T16:51,36000.0,Kolkata,22.5726,88.3639
2021-11-29,3,20.8,27.3,15.8,0.0,0.0,0.0,11.3,25.2,350,2021-11-29T05:58,2021-11-29T16:51,36000.0,Kolkata,22.5726,88.3639
2021-11-30,3,20.8,27.3,16.0,0.0,0.0,0.0,12.0,26.6,356,2021-11-30T05:59,2021-11-30T16:51,36000.0,Kolkata,22.5726,88.3639
2021-12-01,3,21.1,27.6,16.3,0.0,0.0,0.0,9.8,23.0,1,2021-12-01T06:00,2021-12-01T16:51,36000.0,Kolkata,22.5726,88.3639
2021-12-02,3,22.1,28.0,16.2,0.0,0.0,0.0,8.9,16.6,6,2021-12-02T06:00,2021-12-02T16:51,36000.0,Kolkata,22.5726,88.3639
2021-12-03,3,22.8,28.7,16.8,0.0,0.0,0.0,8.4,20.9,28,2021-12-03T06:01,2021-12-03T16:51,27981.09,Kolkata,22.5726,88.3639
2021-12-04,63,21.1,22.8,19.9,28.3,28.3,15.0,13.7,25.9,51,2021-12-04T06:02,2021-12-04T16:51,0.0,Kolkata,22.5726,88.3639
2021-12-05,63,20.3,21.6,19.8,37.9,37.9,20.0,16.9,29.5,56,2021-12-05T06:02,2021-12-05T16:51,0.0,Kolkata,22.5726,88.3639
2021-12-06,65,20.8,22.4,19.4,31.8,31.8,17.0,22.8,44.3,29,2021-12-06T06:03,2021-12-06T16:52,0.0,Kolkata,22.5726,88.3639
2021-12-07,3,22.0,26.7,18.4,0.0,0.0,0.0,14.2,28.4,358,2021-12-07T06:04,2021-12-07T16:52,32000.29,Kolkata,22.5726,88.3639
2021-12-08,2,22.1,27.4,17.7,0.0,0.0,0.0,10.2,23.0,32,2021-12-08T06:04,2021-12-08T16:52,36000.0,Kolkata,22.5726,88.3639
2021-12-09,51,22.6,27.0,19.4,0.2,0.2,2.0,12.7,26.3,45,2021-12-09T06:05,2021-12-09T16:52,28597.28,Kolkata,22.5726,88.3639
2021-12-10,3,22.1,26.6,19.2,0.0,0.0,0.0,8.8,19.4,357,2021-12-10T06:06,2021-12-10T16:53,27854.9,Kolkata,22.5726,88.3639
2021-12-11,1,22.0,26.9,17.5,0.0,0.0,0.0,7.8,15.5,21,2021-12-11T06:06,2021-12-11T16:53,36000.0,Kolkata,22.5726,88.3639
2021-12-12,0,20.4,25.6,16.1,0.0,0.0,0.0,13.6,27.7,21,2021-12-12T06:07,2021-12-12T16:53,36000.0,Kolkata,22.5726,88.3639
2021-12-13,3,19.0,24.7,14.0,0.0,0.0,0.0,13.2,25.2,1,2021-12-13T06:07,2021-12-13T16:53,36000.0,Kolkata,22.5726,88.3639
2021-12-14,3,18.2,24.5,13.9,0.0,0.0,0.0,11.1,22.7,345,2021-12-14T06:08,2021-12-14T16:54,36000.0,Kolkata,22.5726,88.3639
2021-12-15,3,17.8,24.3,13.3,0.0,0.0,0.0,10.3,20.5,332,2021-12-15T06:08,2021-12-15T16:54,34474.58,Kolkata,22.5726,88.3639
2021-12-16,3,17.5,24.1,13.1,0.0,0.0,0.0,10.6,22.7,338,2021-12-16T06:09,2021-12-16T16:54,36000.0,Kolkata,22.5726,88.3639
2021-12-17,2,17.7,24.6,12.4,0.0,0.0,0.0,9.4,20.9,337,2021-12-17T06:10,2021-12-17T16:55,36000.0,Kolkata,22.5726,88.3639
2021-12-18,3,18.7,25.4,12.4,0.0,0.0,0.0,13.6,27.7,344,2021-12-18T06:10,2021-12-18T16:55,36000.0,Kolkata,22.5726,88.3639
2021-12-19,0,17.5,23.1,12.9,0.0,0.0,0.0,13.4,28.4,336,2021-12-19T06:11,2021-12-19T16:56,36000.0,Kolkata,22.5726,88.3639
2021-12-20,0,15.0,21.5,10.7,0.0,0.0,0.0,10.9,23.0,323,2021-12-20T06:11,2021-12-20T16:56,36000.0,Kolkata,22.5726,88.3639
2021-12-21,0,15.5,22.2,10.2,0.0,0.0,0.0,10.2,22.3,305,2021-12-21T06:12,2021-12-21T16:57,36000.0,Kolkata,22.5726,88.3639
2021-12-22,3,17.1,23.8,12.3,0.0,0.0,0.0,9.2,20.5,308,2021-12-22T06:12,2021-12-22T16:57,36000.0,Kolkata,22.5726,88.3639
2021-12-23,1,17.7,24.8,12.5,0.0,0.0,0.0,9.9,18.0,329,2021-12-23T06:13,2021-12-23T16:58,36000.0,Kolkata,22.5726,88.3639
2021-12-24,0,18.8,24.8,12.7,0.0,0.0,0.0,9.7,13.0,355,2021-12-24T06:13,2021-12-24T16:58,36000.0,Kolkata,22.5726,88.3639
2021-12-25,0,19.6,25.6,14.1,0.0,0.0,0.0,9.0,13.3,149,2021-12-25T06:14,2021-12-25T16:59,36000.0,Kolkata,22.5726,88.3639
2021-12-26,3,19.8,25.2,14.3,0.0,0.0,0.0,9.2,18.4,134,2021-12-26T06:14,2021-12-26T17:00,35968.04,Kolkata,22.5726,88.3639
2021-12-27,51,20.3,25.4,15.8,0.5,0.5,4.0,8.2,15.1,71,2021-12-27T06:15,2021-12-27T17:00,36000.0,Kolkata,22.5726,88.3639
2021-12-28,3,20.2,25.9,15.4,0.0,0.0,0.0,8.4,18.4,83,2021-12-28T06:15,2021-12-28T17:01,36000.0,Kolkata,22.5726,88.3639
2021-12-29,3,19.5,23.9,16.0,0.0,0.0,0.0,14.1,28.8,47,2021-12-29T06:15,2021-12-29T17:01,21638.27,Kolkata,22.5726,88.3639
2021-12-30,61,19.1,24.7,15.9,2.5,2.5,4.0,11.7,25.2,352,2021-12-30T06:16,2021-12-30T17:02,32957.81,Kolkata,22.5726,88.3639
2021-12-31,1,19.1,24.6,15.4,0.0,0.0,0.0,15.8,27.7,350,2021-12-31T06:16,2021-12-31T17:02,36000.0,Kolkata,22.5726,88.3639
2022-01-01,3,17.9,23.5,14.0,0.0,0.0,0.0,12.2,25.6,340,2022-01-01T06:16,2022-01-01T17:03,36000.0,Kolkata,22.5726,88.3639
2022-01-02,3,17.7,23.9,13.4,0.0,0.0,0.0,11.8,25.6,350,2022-01-02T06:17,2022-01-02T17:04,36000.0,Kolkata,22.5726,88.3639
2022-01-03,3,17.2,23.7,12.9,0.0,0.0,0.0,10.3,23.0,348,2022-01-03T06:17,2022-01-03T17:04,36000.0,Kolkata,22.5726,88.3639
2022-01-04,2,17.0,23.8,12.4,0.0,0.0,0.0,10.9,23.8,357,2022-01-04T06:17,2022-01-04T17:05,36000.0,Kolkata,22.5726,88.3639
2022-01-05,0,17.1,24.4,12.1,0.0,0.0,0.0,10.7,25.2,352,2022-01-05T06:17,2022-01-05T17:06,36138.19,Kolkata,22.5726,88.3639
2022-01-06,0,17.8,25.1,12.2,0.0,0.0,0.0,10.7,19.4,356,2022-01-06T06:18,2022-01-06T17:06,36117.41,Kolkata,22.5726,88.3639
2022-01-07,0,18.7,26.0,14.0,0.0,0.0,0.0,9.5,18.7,1,2022-01-07T06:18,2022-01-07T17:07,36096.15,Kolkata,22.5726,88.3639
2022-01-08,1,19.9,26.9,15.3,0.0,0.0,0.0,9.7,19.8,358,2022-01-08T06:18,2022-01-08T17:08,36074.5,Kolkata,22.5726,88.3639
2022-01-09,0,20.1,27.3,14.4,0.0,0.0,0.0,9.0,18.4,15,2022-01-09T06:18,2022-01-09T17:08,36052.47,Kolkata,22.5726,88.3639
2022-01-10,3,21.5,27.6,15.6,0.0,0.0,0.0,7.9,16.2,11,2022-01-10T06:18,2022-01-10T17:09,36000.0,Kolkata,22.5726,88.3639
2022-01-11,63,21.3,27.7,16.7,12.9,12.9,6.0,14.8,25.9,348,2022-01-11T06:18,2022-01-11T17:10,31435.9,Kolkata,22.5726,88.3639
2022-01-12,53,19.4,24.2,16.9,1.3,1.3,4.0,8.2,19.8,47,2022-01-12T06:18,2022-01-12T17:10,20743.86,Kolkata,22.5726,88.3639
2022-01-13,2,20.0,25.7,15.2,0.0,0.0,0.0,9.5,20.2,344,2022-01-13T06:18,2022-01-13T17:11,35090.8,Kolkata,22.5726,88.3639
2022-01-14,61,18.3,22.5,14.9,4.9,4.9,9.0,10.9,23.0,30,2022-01-14T06:19,2022-01-14T17:12,4240.04,Kolkata,22.5726,88.3639
2022-01-15,51,18.0,23.5,15.1,0.2,0.2,2.0,12.5,24.5,358,2022-01-15T06:19,2022-01-15T17:13,21942.4,Kolkata,22.5726,88.3639
2022-01-16,0,17.6,22.9,14.2,0.0,0.0,0.0,16.0,33.5,345,2022-01-16T06:19,2022-01-16T17:13,36709.2,Kolkata,22.5726,88.3639
2022-01-17,0,16.2,22.5,11.5,0.0,0.0,0.0,10.8,23.4,338,2022-01-17T06:19,2022-01-17T17:14,36684.89,Kolkata,22.5726,88.3639
2022-01-18,3,16.2,22.2,11.5,0.0,0.0,0.0,10.7,22.0,324,2022-01-18T06:18,2022-01-18T17:15,35923.57,Kolkata,22.5726,88.3639
2022-01-19,2,16.7,22.3,12.6,0.0,0.0,0.0,11.0,23.4,323,2022-01-19T06:18,2022-01-19T17:15,35047.33,Kolkata,22.5726,88.3639
2022-01-20,1,17.0,22.8,12.0,0.0,0.0,0.0,10.0,17.6,335,2022-01-20T06:18,2022-01-20T17:16,36883.15,Kolkata,22.5726,88.3639
2022-01-21,51,18.8,24.8,13.2,0.6,0.6,3.0,8.2,23.0,101,2022-01-21T06:18,2022-01-21T17:17,36047.91,Kolkata,22.5726,88.3639
2022-01-22,61,18.8,24.3,15.1,3.0,3.0,5.0,15.3,36.7,106,2022-01-22T06:18,2022-01-22T17:18,28800.0,Kolkata,22.5726,88.3639
2022-01-23,63,19.3,25.3,15.8,8.9,8.9,11.0,10.5,24.5,96,2022-01-23T06:18,2022-01-23T17:18,24494.42,Kolkata,22.5726,88.3639
2022-01-24,53,18.4,22.1,15.9,0.9,0.9,2.0,11.6,22.3,64,2022-01-24T06:18,2022-01-24T17:19,11693.31,Kolkata,22.5726,88.3639
2022-01-25,3,19.1,24.5,13.6,0.0,0.0,0.0,8.4,22.0,7,2022-01-25T06:18,2022-01-25T17:20,29674.87,Kolkata,22.5726,88.3639
2022-01-26,53,19.1,24.2,16.1,1.6,1.6,5.0,19.8,36.7,352,2022-01-26T06:17,2022-01-26T17:20,32094.59,Kolkata,22.5726,88.3639
2022-01-27,1,17.8,23.2,13.3,0.0,0.0,0.0,12.1,27.4,343,2022-01-27T06:17,2022-01-27T17:21,37786.12,Kolkata,22.5726,88.3639
2022-01-28,1,16.1,21.3,12.0,0.0,0.0,0.0,13.9,25.2,339,2022-01-28T06:17,2022-01-28T17:22,38027.47,Kolkata,22.5726,88.3639
2022-01-29,0,16.0,21.8,10.9,0.0,0.0,0.0,14.0,30.2,337,2022-01-29T06:16,2022-01-29T17:22,38267.92,Kolkata,22.5726,88.3639
2022-01-30,0,16.5,23.2,10.2,0.0,0.0,0.0,10.5,24.1,293,2022-01-30T06:16,2022-01-30T17:23,38507.43,Kolkata,22.5726,88.3639
2022-01-31,2,18.8,26.0,11.9,0.0,0.0,0.0,11.5,25.6,214,2022-01-31T06:16,2022-01-31T17:24,38480.24,Kolkata,22.5726,88.3639
2022-02-01,2,19.7,26.8,14.7,0.0,0.0,0.0,12.3,27.0,252,2022-02-01T06:15,2022-02-01T17:24,38718.52,Kolkata,22.5726,88.3639
2022-02-02,3,20.3,27.9,14.6,0.0,0.0,0.0,10.1,16.2,194,2022-02-02T06:15,2022-02-02T17:25,35091.09,Kolkata,22.5726,88.3639
2022-02-03,3,22.6,28.5,17.5,0.0,0.0,0.0,14.2,29.5,186,2022-02-03T06:15,2022-02-03T17:26,34534.99,Kolkata,22.5726,88.3639
2022-02-04,63,20.1,25.5,16.6,14.9,14.9,9.0,18.6,38.9,154,2022-02-04T06:14,2022-02-04T17:26,10515.34,Kolkata,22.5726,88.3639
2022-02-05,3,18.6,23.1,15.3,0.0,0.0,0.0,14.8,31.3,329,2022-02-05T06:14,2022-02-05T17:27,37453.8,Kolkata,22.5726,88.3639
2022-02-06,3,17.0,23.1,11.6,0.0,0.0,0.0,11.7,22.3,343,2022-02-06T06:13,2022-02-06T17:27,39249.41,Kolkata,22.5726,88.3639
2022-02-07,2,17.7,24.5,11.9,0.0,0.0,0.0,9.8,17.3,18,2022-02-07T06:13,2022-02-07T17:28,39287.04,Kolkata,22.5726,88.3639
2022-02-08,3,19.9,26.0,14.2,0.0,0.0,0.0,10.0,15.5,107,2022-02-08T06:12,2022-02-08T17:29,39324.17,Kolkata,22.5726,88.3639
2022-02-09,1,21.0,27.5,15.0,0.0,0.0,0.0,11.8,23.0,195,2022-02-09T06:12,2022-02-09T17:29,38767.41,Kolkata,22.5726,88.3639
2022-02-10,53,20.0,25.4,16.1,0.9,0.9,3.0,13.1,28.4,245,2022-02-10T06:11,2022-02-10T17:30,22958.63,Kolkata,22.5726,88.3639
2022-02-11,51,19.4,25.2,14.7,0.2,0.2,1.0,16.0,33.1,333,2022-02-11T06:11,2022-02-11T17:30,38574.32,Kolkata,22.5726,88.3639
2022-02-12,0,18.2,24.3,12.7,0.0,0.0,0.0,12.9,28.1,334,2022-02-12T06:10,2022-02-12T17:31,39466.81,Kolkata,22.5726,88.3639
2022-02-13,0,17.6,25.3,11.8,0.0,0.0,0.0,14.0,29.9,350,2022-02-13T06:10,2022-02-13T17:32,39501.03,Kolkata,22.5726,88.3639
2022-02-14,3,18.6,25.9,11.9,0.0,0.0,0.0,12.5,28.1,345,2022-02-14T06:09,2022-02-14T17:32,39534.77,Kolkata,22.5726,88.3639
2022-02-15,0,18.9,26.7,11.8,0.0,0.0,0.0,14.0,30.2,329,2022-02-15T06:08,2022-02-15T17:33,39568.03,Kolkata,22.5726,88.3639
2022-02-16,2,19.5,26.8,12.0,0.0,0.0,0.0,10.1,24.5,329,2022-02-16T06:08,2022-02-16T17:33,39600.0,Kolkata,22.5726,88.3639
2022-02-17,3,20.7,27.7,14.2,0.0,0.0,0.0,11.0,26.3,357,2022-02-17T06:07,2022-02-17T17:34,39600.0,Kolkata,22.5726,88.3639
2022-02-18,0,21.7,28.7,14.7,0.0,0.0,0.0,12.9,27.7,358,2022-02-18T06:06,2022-02-18T17:34,39600.0,Kolkata,22.5726,88.3639
2022-02-19,2,21.0,28.9,13.8,0.0,0.0,0.0,11.9,24.5,283,2022-02-19T06:06,2022-02-19T17:35,39600.0,Kolkata,22.5726,88.3639
2022-02-20,63,21.8,28.6,17.3,4.5,4.5,4.0,21.5,42.8,202,2022-02-20T06:05,2022-02-20T17:35,35715.49,Kolkata,22.5726,88.3639
2022-02-21,3,21.7,29.6,15.7,0.0,0.0,0.0,15.0,28.4,156,2022-02-21T06:04,2022-02-21T17:36,33889.2,Kolkata,22.5726,88.3639
2022-02-22,1,22.5,30.2,16.0,0.0,0.0,0.0,11.5,22.0,169,2022-02-22T06:03,2022-02-22T17:36,39600.0,Kolkata,22.5726,88.3639
2022-02-23,51,23.1,30.0,19.1,0.2,0.2,2.0,10.2,20.9,277,2022-02-23T06:03,2022-02-23T17:37,30682.91,Kolkata,22.5726,88.3639
2022-02-24,3,24.5,31.1,19.4,0.0,0.0,0.0,15.7,34.2,188,2022-02-24T06:02,2022-02-24T17:37,34908.79,Kolkata,22.5726,88.3639
2022-02-25,2,24.4,32.2,19.6,0.0,0.0,0.0,18.4,34.9,182,2022-02-25T06:01,2022-02-25T17:38,39600.0,Kolkata,22.5726,88.3639
2022-02-26,1,24.4,31.6,18.6,0.0,0.0,0.0,9.4,19.1,52,2022-02-26T06:00,2022-02-26T17:38,38495.07,Kolkata,22.5726,88.3639
2022-02-27,63,23.5,31.4,19.2,7.4,7.4,2.0,28.4,51.5,176,2022-02-27T05:59,2022-02-27T17:39,33606.76,Kolkata,22.5726,88.3639
2022-02-28,53,24.4,30.8,19.5,1.0,1.0,2.0,9.7,24.1,282,2022-02-28T05:59,2022-02-28T17:39,39600.0,Kolkata,22.5726,88.3639
2022-03-01,1,25.0,30.6,19.4,0.0,0.0,0.0,10.4,23.8,58,2022-03-01T05:58,2022-03-01T17:40,39600.0,Kolkata,22.5726,88.3639
2022-03-02,2,24.4,30.8,19.0,0.0,0.0,0.0,9.1,22.7,25,2022-03-02T05:57,2022-03-02T17:40,39600.0,Kolkata,22.5726,88.3639
2022-03-03,0,24.7,31.8,18.4,0.0,0.0,0.0,10.0,21.2,24,2022-03-03T05:56,2022-03-03T17:41,39600.0,Kolkata,22.5726,88.3639
2022-03-04,3,24.9,32.3,18.3,0.0,0.0,0.0,10.0,20.9,329,2022-03-04T05:55,2022-03-04T17:41,39600.0,Kolkata,22.5726,88.3639
2022-03-05,3,25.5,33.7,19.4,0.0,0.0,0.0,14.0,28.8,264,2022-03-05T05:54,2022-03-05T17:41,39600.0,Kolkata,22.5726,88.3639
2022-03-06,2,25.4,32.5,19.0,0.0,0.0,0.0,13.2,29.2,25,2022-03-06T05:54,2022-03-06T17:42,39600.0,Kolkata,22.5726,88.3639
2022-03-07,0,24.8,32.0,18.8,0.0,0.0,0.0,12.6,28.8,345,2022-03-07T05:53,2022-03-07T17:42,39606.97,Kolkata,22.5726,88.3639
2022-03-08,0,24.7,32.8,18.0,0.0,0.0,0.0,12.2,27.7,311,2022-03-08T05:52,2022-03-08T17:43,39600.0,Kolkata,22.5726,88.3639
2022-03-09,0,25.5,33.1,17.7,0.0,0.0,0.0,10.2,20.5,328,2022-03-09T05:51,2022-03-09T17:43,39801.88,Kolkata,22.5726,88.3639
2022-03-10,3,25.6,33.1,17.5,0.0,0.0,0.0,9.7,20.2,315,2022-03-10T05:50,2022-03-10T17:43,39773.65,Kolkata,22.5726,88.3639
2022-03-11,3,25.8,33.2,17.8,0.0,0.0,0.0,14.5,31.0,320,2022-03-11T05:49,2022-03-11T17:44,39745.18,Kolkata,22.5726,88.3639
2022-03-12,3,26.0,33.5,18.3,0.0,0.0,0.0,12.0,27.0,317,2022-03-12T05:48,2022-03-12T17:44,39966.17,Kolkata,22.5726,88.3639
2022-03-13,3,25.9,33.5,18.3,0.0,0.0,0.0,12.5,27.4,321,2022-03-13T05:47,2022-03-13T17:45,39687.67,Kolkata,22.5726,88.3639
2022-03-14,3,26.5,34.2,18.7,0.0,0.0,0.0,13.5,29.9,341,2022-03-14T05:46,2022-03-14T17:45,39658.73,Kolkata,22.5726,88.3639
2022-03-15,0,26.8,35.4,18.6,0.0,0.0,0.0,10.8,16.9,251,2022-03-15T05:45,2022-03-15T17:45,40377.76,Kolkata,22.5726,88.3639
2022-03-16,0,28.5,36.5,22.1,0.0,0.0,0.0,16.8,30.2,194,2022-03-16T05:44,2022-03-16T17:46,40348.48,Kolkata,22.5726,88.3639
2022-03-17,2,28.7,37.0,22.8,0.0,0.0,0.0,18.2,34.6,191,2022-03-17T05:43,2022-03-17T17:46,40319.26,Kolkata,22.5726,88.3639
2022-03-18,2,28.5,36.7,22.3,0.0,0.0,0.0,14.5,28.8,205,2022-03-18T05:42,2022-03-18T17:46,40539.29,Kolkata,22.5726,88.3639
2022-03-19,2,28.6,36.5,22.0,0.0,0.0,0.0,13.9,29.2,202,2022-03-19T05:42,2022-03-19T17:47,40759.38,Kolkata,22.5726,88.3639
2022-03-20,2,28.9,37.7,23.1,0.0,0.0,0.0,17.8,31.7,191,2022-03-20T05:41,2022-03-20T17:47,40730.52,Kolkata,22.5726,88.3639
2022-03-21,3,29.4,36.8,23.5,0.0,0.0,0.0,15.9,27.7,197,2022-03-21T05:40,2022-03-21T17:48,39282.31,Kolkata,22.5726,88.3639
2022-03-22,3,29.6,37.2,24.4,0.0,0.0,0.0,15.5,28.4,199,2022-03-22T05:39,2022-03-22T17:48,35098.89,Kolkata,22.5726,88.3639
2022-03-23,55,28.8,36.1,24.1,1.5,1.5,2.0,13.7,39.6,199,2022-03-23T05:38,2022-03-23T17:48,36018.1,Kolkata,22.5726,88.3639
2022-03-24,1,29.2,37.8,24.6,0.0,0.0,0.0,22.5,44.6,202,2022-03-24T05:37,2022-03-24T17:49,41365.33,Kolkata,22.5726,88.3639
2022-03-25,63,28.9,36.7,25.1,6.5,6.5,2.0,21.6,40.3,196,2022-03-25T05:36,2022-03-25T17:49,29008.65,Kolkata,22.5726,88.3639
2022-03-26,51,29.3,34.6,26.1,0.4,0.4,1.0,21.9,38.2,200,2022-03-26T05:35,2022-03-26T17:49,28502.94,Kolkata,22.5726,88.3639
2022-03-27,51,29.2,35.8,24.8,0.2,0.2,1.0,18.8,33.5,172,2022-03-27T05:34,2022-03-27T17:50,36893.93,Kolkata,22.5726,88.3639
2022-03-28,3,29.8,37.3,25.5,0.0,0.0,0.0,16.5,29.5,198,2022-03-28T05:33,2022-03-28T17:50,38333.64,Kolkata,22.5726,88.3639
2022-03-29,2,29.6,35.8,25.5,0.0,0.0,0.0,17.7,34.2,188,2022-03-29T05:32,2022-03-29T17:50,39600.0,Kolkata,22.5726,88.3639
2022-03-30,51,29.2,34.6,25.8,0.3,0.3,3.0,20.5,37.4,182,2022-03-30T05:31,2022-03-30T17:51,38603.1,Kolkata,22.5726,88.3639
2022-03-31,51,29.4,34.0,26.0,0.4,0.4,3.0,21.7,42.8,187,2022-03-31T05:30,2022-03-31T17:51,39369.43,Kolkata,22.5726,88.3639
2022-04-01,3,29.8,34.5,26.6,0.0,0.0,0.0,22.0,43.6,190,2022-04-01T05:29,2022-04-01T17:51,39334.14,Kolkata,22.5726,88.3639
2022-04-02,51,29.7,34.4,26.4,0.1,0.1,1.0,22.8,42.8,181,2022-04-02T05:28,2022-04-02T17:52,39600.0,Kolkata,22.5726,88.3639
2022-04-03,51,29.4,35.0,25.6,0.2,0.2,2.0,21.0,41.4,186,2022-04-03T05:27,2022-04-03T17:52,30397.24,Kolkata,22.5726,88.3639
2022-04-04,51,29.4,33.9,26.6,0.1,0.1,1.0,28.3,51.5,193,2022-04-04T05:26,2022-04-04T17:53,42504.81,Kolkata,22.5726,88.3639
2022-04-05,3,29.3,34.4,26.0,0.0,0.0,0.0,22.2,42.5,193,2022-04-05T05:25,2022-04-05T17:53,41988.07,Kolkata,22.5726,88.3639
2022-04-06,2,29.2,34.5,25.4,0.0,0.0,0.0,21.5,40.3,196,2022-04-06T05:24,2022-04-06T17:53,39713.4,Kolkata,22.5726,88.3639
2022-04-07,3,29.2,34.9,24.8,0.0,0.0,0.0,18.8,36.4,189,2022-04-07T05:24,2022-04-07T17:54,39600.0,Kolkata,22.5726,88.3639
2022-04-08,3,29.6,35.4,25.1,0.0,0.0,0.0,20.1,40.0,191,2022-04-08T05:23,2022-04-08T17:54,43003.05,Kolkata,22.5726,88.3639
2022-04-09,3,29.9,36.1,25.9,0.0,0.0,0.0,21.1,40.3,195,2022-04-09T05:22,2022-04-09T17:54,39959.27,Kolkata,22.5726,88.3639
2022-04-10,3,29.9,35.2,26.3,0.0,0.0,0.0,25.4,48.2,192,2022-04-10T05:21,2022-04-10T17:55,39600.0,Kolkata,22.5726,88.3639
2022-04-11,2,30.3,36.6,26.4,0.0,0.0,0.0,22.6,41.4,195,2022-04-11T05:20,2022-04-11T17:55,42614.26,Kolkata,22.5726,88.3639
2022-04-12,3,30.5,36.6,26.2,0.0,0.0,0.0,20.6,39.2,188,2022-04-12T05:19,2022-04-12T17:55,39289.95,Kolkata,22.5726,88.3639
2022-04-13,3,30.6,35.9,26.5,0.0,0.0,0.0,24.0,43.2,187,2022-04-13T05:18,2022-04-13T17:56,37184.06,Kolkata,22.5726,88.3639
2022-04-14,63,31.0,37.6,26.9,8.2,8.2,2.0,21.5,40.3,194,2022-04-14T05:17,2022-04-14T17:56,39600.0,Kolkata,22.5726,88.3639
2022-04-15,2,32.0,39.8,26.7,0.0,0.0,0.0,16.8,33.5,203,2022-04-15T05:16,2022-04-15T17:57,43200.0,Kolkata,22.5726,88.3639
2022-04-16,51,31.2,38.1,27.3,0.3,0.3,1.0,20.5,39.2,185,2022-04-16T05:16,2022-04-16T17:57,42514.49,Kolkata,22.5726,88.3639
2022-04-17,3,30.6,36.5,26.7,0.0,0.0,0.0,22.3,42.8,180,2022-04-17T05:15,2022-04-17T17:57,39649.47,Kolkata,22.5726,88.3639
2022-04-18,53,30.6,37.2,26.7,0.8,0.8,1.0,21.4,40.0,181,2022-04-18T05:14,2022-04-18T17:58,40340.83,Kolkata,22.5726,88.3639
2022-04-19,3,30.1,34.9,26.2,0.0,0.0,0.0,23.8,45.4,181,2022-04-19T05:13,2022-04-19T17:58,37903.22,Kolkata,22.5726,88.3639
2022-04-20,63,29.4,35.7,25.3,6.7,6.7,5.0,23.5,45.0,185,2022-04-20T05:12,2022-04-20T17:59,31349.67,Kolkata,22.5726,88.3639
2022-04-21,63,30.0,35.4,26.9,4.3,4.3,8.0,20.3,46.1,185,2022-04-21T05:12,2022-04-21T17:59,32400.0,Kolkata,22.5726,88.3639
2022-04-22,63,29.1,33.6,26.9,5.7,5.7,4.0,21.3,40.3,197,2022-04-22T05:11,2022-04-22T17:59,24866.45,Kolkata,22.5726,88.3639
2022-04-23,3,30.7,36.8,26.5,0.0,0.0,0.0,22.7,42.1,191,2022-04-23T05:10,2022-04-23T18:00,41963.93,Kolkata,22.5726,88.3639
2022-04-24,1,32.0,38.7,26.7,0.0,0.0,0.0,18.1,31.3,203,2022-04-24T05:09,2022-04-24T18:00,43200.0,Kolkata,22.5726,88.3639
2022-04-25,2,32.1,40.0,27.1,0.0,0.0,0.0,19.2,33.8,200,2022-04-25T05:08,2022-04-25T18:01,43200.0,Kolkata,22.5726,88.3639
2022-04-26,2,31.8,39.8,26.9,0.0,0.0,0.0,21.3,36.7,195,2022-04-26T05:08,2022-04-26T18:01,43200.0,Kolkata,22.5726,88.3639
2022-04-27,63,30.5,38.4,26.7,4.4,4.4,1.0,17.4,49.7,181,2022-04-27T05:07,2022-04-27T18:01,43200.0,Kolkata,22.5726,88.3639
2022-04-28,3,31.0,37.2,26.7,0.0,0.0,0.0,17.4,33.8,176,2022-04-28T05:06,2022-04-28T18:02,42140.35,Kolkata,22.5726,88.3639
2022-04-29,61,30.4,36.6,26.1,2.1,2.1,2.0,23.1,48.6,180,2022-04-29T05:05,2022-04-29T18:02,25319.57,Kolkata,22.5726,88.3639
2022-04-30,3,30.5,36.6,26.6,0.0,0.0,0.0,24.2,45.7,168,2022-04-30T05:05,2022-04-30T18:03,37980.13,Kolkata,22.5726,88.3639
2022-05-01,3,29.8,36.1,25.8,0.0,0.0,0.0,24.9,43.6,169,2022-05-01T05:04,2022-05-01T18:03,35646.42,Kolkata,22.5726,88.3639
2022-05-02,61,29.2,34.5,26.3,2.0,2.0,4.0,23.8,48.6,167,2022-05-02T05:03,2022-05-02T18:03,35051.13,Kolkata,22.5726,88.3639
2022-05-03,65,27.2,31.2,24.4,26.3,26.3,10.0,18.4,37.1,169,2022-05-03T05:03,2022-05-03T18:04,24121.34,Kolkata,22.5726,88.3639
2022-05-04,61,27.6,31.8,24.4,4.4,4.4,14.0,18.6,38.5,96,2022-05-04T05:02,2022-05-04T18:04,39612.9,Kolkata,22.5726,88.3639
2022-05-05,63,26.3,29.7,24.0,10.9,10.9,11.0,15.9,34.9,108,2022-05-05T05:01,2022-05-05T18:05,30538.19,Kolkata,22.5726,88.3639
2022-05-06,51,27.8,31.9,23.8,0.4,0.4,3.0,11.3,24.8,135,2022-05-06T05:01,2022-05-06T18:05,41586.22,Kolkata,22.5726,88.3639
2022-05-07,61,28.4,33.0,24.9,3.7,3.7,5.0,13.8,37.1,149,2022-05-07T05:00,2022-05-07T18:06,42942.22,Kolkata,22.5726,88.3639
2022-05-08,51,29.2,33.8,25.3,0.5,0.5,3.0,12.7,22.0,169,2022-05-08T05:00,2022-05-08T18:06,40871.67,Kolkata,22.5726,88.3639
2022-05-09,63,26.8,30.4,25.3,10.6,10.6,9.0,17.4,37.8,116,2022-05-09T04:59,2022-05-09T18:07,16477.05,Kolkata,22.5726,88.3639
2022-05-10,65,27.2,31.3,23.7,25.0,25.0,15.0,17.9,35.6,131,2022-05-10T04:59,2022-05-10T18:07,12702.31,Kolkata,22.5726,88.3639
2022-05-11,61,28.0,31.8,25.6,6.3,6.3,10.0,22.0,41.4,172,2022-05-11T04:58,2022-05-11T18:07,35326.64,Kolkata,22.5726,88.3639
2022-05-12,51,29.4,32.8,26.7,1.3,1.3,9.0,22.4,45.0,195,2022-05-12T04:58,2022-05-12T18:08,39225.34,Kolkata,22.5726,88.3639
2022-05-13,51,30.2,34.2,27.6,0.2,0.2,1.0,28.2,53.3,198,2022-05-13T04:57,2022-05-13T18:08,42239.27,Kolkata,22.5726,88.3639
2022-05-14,53,30.4,34.1,28.5,0.8,0.8,1.0,29.9,53.6,195,2022-05-14T04:57,2022-05-14T18:09,39600.0,Kolkata,22.5726,88.3639
2022-05-15,61,30.7,34.7,27.7,2.3,2.3,4.0,27.7,51.8,193,2022-05-15T04:56,2022-05-15T18:09,41252.76,Kolkata,22.5726,88.3639
2022-05-16,3,30.8,35.1,28.2,0.0,0.0,0.0,24.7,45.4,191,2022-05-16T04:56,2022-05-16T18:10,41628.88,Kolkata,22.5726,88.3639
2022-05-17,3,30.9,34.5,28.3,0.0,0.0,0.0,26.6,48.6,194,2022-05-17T04:55,2022-05-17T18:10,43052.41,Kolkata,22.5726,88.3639
2022-05-18,51,31.1,35.4,28.0,0.3,0.3,3.0,23.0,43.6,195,2022-05-18T04:55,2022-05-18T18:11,39868.44,Kolkata,22.5726,88.3639
2022-05-19,63,31.2,36.0,28.1,7.1,7.1,2.0,21.4,41.0,197,2022-05-19T04:55,2022-05-19T18:11,36280.15,Kolkata,22.5726,88.3639
2022-05-20,51,31.5,37.0,27.9,0.1,0.1,1.0,25.4,46.4,190,2022-05-20T04:54,2022-05-20T18:12,42200.49,Kolkata,22.5726,88.3639
2022-05-21,65,30.6,36.7,27.5,15.2,15.2,4.0,25.6,47.9,191,2022-05-21T04:54,2022-05-21T18:12,36000.0,Kolkata,22.5726,88.3639
2022-05-22,61,29.4,34.2,26.7,3.2,3.2,3.0,20.8,37.4,189,2022-05-22T04:53,2022-05-22T18:13,31146.71,Kolkata,22.5726,88.3639
2022-05-23,63,29.0,33.3,25.2,4.4,4.4,5.0,11.6,34.2,156,2022-05-23T04:53,2022-05-23T18:13,43200.0,Kolkata,22.5726,88.3639
2022-05-24,63,29.0,34.0,24.4,3.9,3.9,2.0,10.5,30.6,121,2022-05-24T04:53,2022-05-24T18:13,39361.63,Kolkata,22.5726,88.3639
2022-05-25,65,28.3,33.4,25.0,19.3,19.3,12.0,19.8,43.6,181,2022-05-25T04:53,2022-05-25T18:14,33332.87,Kolkata,22.5726,88.3639
2022-05-26,51,30.0,35.9,25.1,0.6,0.6,4.0,13.7,27.7,193,2022-05-26T04:52,2022-05-26T18:14,42105.2,Kolkata,22.5726,88.3639
2022-05-27,53,30.3,35.4,26.8,1.6,1.6,5.0,17.8,40.7,184,2022-05-27T04:52,2022-05-27T18:15,37369.52,Kolkata,22.5726,88.3639
2022-05-28,63,30.8,37.8,25.8,3.4,3.4,1.0,20.7,44.6,157,2022-05-28T04:52,2022-05-28T18:15,38271.86,Kolkata,22.5726,88.3639
2022-05-29,61,30.1,33.7,27.3,3.2,3.2,5.0,15.1,32.8,110,2022-05-29T04:52,2022-05-29T18:16,34650.2,Kolkata,22.5726,88.3639
2022-05-30,65,29.9,34.2,27.4,12.8,12.8,6.0,13.8,27.0,129,2022-05-30T04:52,2022-05-30T18:16,37600.47,Kolkata,22.5726,88.3639
2022-05-31,63,29.5,33.9,27.2,8.2,8.2,5.0,12.0,27.7,136,2022-05-31T04:51,2022-05-31T18:17,27454.85,Kolkata,22.5726,88.3639
2022-06-01,55,29.4,32.4,27.2,1.1,1.1,2.0,14.4,27.4,134,2022-06-01T04:51,2022-06-01T18:17,9610.02,Kolkata,22.5726,88.3639
2022-06-02,65,29.4,33.3,26.5,24.6,24.6,18.0,15.0,30.6,166,2022-06-02T04:51,2022-06-02T18:17,13876.37,Kolkata,22.5726,88.3639
2022-06-03,3,30.5,35.3,27.5,0.0,0.0,0.0,20.1,37.1,185,2022-06-03T04:51,2022-06-03T18:18,19902.9,Kolkata,22.5726,88.3639
2022-06-04,51,31.3,35.7,28.0,0.2,0.2,2.0,24.1,44.6,190,2022-06-04T04:51,2022-06-04T18:18,41692.42,Kolkata,22.5726,88.3639
2022-06-05,51,31.3,35.5,28.1,0.4,0.4,3.0,23.7,45.0,193,2022-06-05T04:51,2022-06-05T18:19,39600.0,Kolkata,22.5726,88.3639
2022-06-06,63,31.3,35.6,27.5,3.0,3.0,4.0,23.6,45.4,190,2022-06-06T04:51,2022-06-06T18:19,42572.96,Kolkata,22.5726,88.3639
2022-06-07,51,31.8,36.9,28.4,0.1,0.1,1.0,22.5,42.8,190,2022-06-07T04:51,2022-06-07T18:19,42449.52,Kolkata,22.5726,88.3639
2022-06-08,3,31.9,36.6,28.7,0.0,0.0,0.0,22.0,40.0,185,2022-06-08T04:51,2022-06-08T18:20,29944.6,Kolkata,22.5726,88.3639
2022-06-09,51,31.3,36.6,28.1,0.1,0.1,1.0,24.9,45.4,185,2022-06-09T04:51,2022-06-09T18:20,31129.23,Kolkata,22.5726,88.3639
2022-06-10,51,30.9,35.1,27.9,0.3,0.3,2.0,25.2,47.5,193,2022-06-10T04:51,2022-06-10T18:21,31794.22,Kolkata,22.5726,88.3639
2022-06-11,3,31.5,36.4,28.7,0.0,0.0,0.0,25.5,49.7,189,2022-06-11T04:51,2022-06-11T18:21,36120.85,Kolkata,22.5726,88.3639
2022-06-12,3,32.1,36.9,28.6,0.0,0.0,0.0,21.0,41.8,184,2022-06-12T04:51,2022-06-12T18:21,42674.29,Kolkata,22.5726,88.3639
2022-06-13,65,32.5,38.5,28.9,12.9,12.9,2.0,23.7,44.3,193,2022-06-13T04:51,2022-06-13T18:21,37994.1,Kolkata,22.5726,88.3639
2022-06-14,3,31.7,35.6,29.3,0.0,0.0,0.0,25.3,47.2,191,2022-06-14T04:51,2022-06-14T18:22,37724.51,Kolkata,22.5726,88.3639
2022-06-15,63,29.9,33.0,28.5,6.3,6.3,7.0,22.9,43.9,206,2022-06-15T04:51,2022-06-15T18:22,14090.72,Kolkata,22.5726,88.3639
2022-06-16,63,29.8,33.1,28.3,4.8,4.8,6.0,23.2,45.0,204,2022-06-16T04:51,2022-06-16T18:22,13252.84,Kolkata,22.5726,88.3639
2022-06-17,63,29.1,32.4,27.3,16.2,16.2,16.0,24.9,47.9,212,2022-06-17T04:52,2022-06-17T18:23,11079.29,Kolkata,22.5726,88.3639
2022-06-18,65,27.6,30.5,26.2,55.3,55.3,18.0,21.2,37.4,212,2022-06-18T04:52,2022-06-18T18:23,5545.6,Kolkata,22.5726,88.3639
2022-06-19,65,28.3,32.4,25.5,25.0,25.0,12.0,23.8,46.1,223,2022-06-19T04:52,2022-06-19T18:23,20115.93,Kolkata,22.5726,88.3639
2022-06-20,63,27.6,30.4,25.6,15.0,15.0,14.0,15.6,30.2,209,2022-06-20T04:52,2022-06-20T18:23,16587.74,Kolkata,22.5726,88.3639
2022-06-21,63,28.5,32.2,25.7,15.6,15.6,15.0,12.2,32.8,204,2022-06-21T04:52,2022-06-21T18:24,28052.52,Kolkata,22.5726,88.3639
2022-06-22,63,27.3,31.4,24.8,35.1,35.1,16.0,21.2,40.3,170,2022-06-22T04:53,2022-06-22T18:24,21236.6,Kolkata,22.5726,88.3639
2022-06-23,63,28.1,30.9,25.5,3.7,3.7,7.0,15.7,31.0,175,2022-06-23T04:53,2022-06-23T18:24,31142.9,Kolkata,22.5726,88.3639
2022-06-24,63,28.1,32.0,25.9,8.8,8.8,6.0,18.3,36.0,165,2022-06-24T04:53,2022-06-24T18:24,33696.39,Kolkata,22.5726,88.3639
2022-06-25,63,27.8,31.3,25.8,7.1,7.1,9.0,18.9,35.3,149,2022-06-25T04:53,2022-06-25T18:24,35186.92,Kolkata,22.5726,88.3639
2022-06-26,61,28.3,31.4,25.7,3.6,3.6,9.0,17.4,35.3,163,2022-06-26T04:54,2022-06-26T18:25,38902.67,Kolkata,22.5726,88.3639
2022-06-27,63,29.1,32.2,26.4,5.9,5.9,6.0,14.9,30.6,175,2022-06-27T04:54,2022-06-27T18:25,43569.27,Kolkata,22.5726,88.3639
2022-06-28,51,29.5,32.7,26.9,0.7,0.7,5.0,18.4,35.3,186,2022-06-28T04:54,2022-06-28T18:25,39266.92,Kolkata,22.5726,88.3639
2022-06-29,63,28.9,32.6,26.6,6.7,6.7,7.0,15.5,32.0,173,2022-06-29T04:55,2022-06-29T18:25,27562.37,Kolkata,22.5726,88.3639
2022-06-30,63,28.6,31.5,26.0,6.4,6.4,13.0,12.2,25.6,164,2022-06-30T04:55,2022-06-30T18:25,23677.42,Kolkata,22.5726,88.3639
2022-07-01,63,27.4,30.9,25.2,32.3,32.3,17.0,12.7,27.4,168,2022-07-01T04:55,2022-07-01T18:25,15525.29,Kolkata,22.5726,88.3639
2022-07-02,63,27.2,31.2,24.8,22.5,22.5,14.0,15.9,27.7,149,2022-07-02T04:55,2022-07-02T18:25,30065.41,Kolkata,22.5726,88.3639
2022-07-03,61,27.6,30.9,24.8,7.4,7.4,13.0,16.3,32.0,155,2022-07-03T04:56,2022-07-03T18:25,18695.59,Kolkata,22.5726,88.3639
2022-07-04,53,28.7,32.0,25.9,2.3,2.3,11.0,13.8,29.5,144,2022-07-04T04:56,2022-07-04T18:25,37891.13,Kolkata,22.5726,88.3639
2022-07-05,61,28.7,32.0,26.3,3.8,3.8,13.0,18.7,36.4,106,2022-07-05T04:56,2022-07-05T18:25,39600.0,Kolkata,22.5726,88.3639
2022-07-06,55,28.4,31.7,26.6,3.1,3.1,10.0,21.7,40.0,131,2022-07-06T04:57,2022-07-06T18:25,27266.31,Kolkata,22.5726,88.3639
2022-07-07,51,28.9,32.4,26.2,0.8,0.8,6.0,16.4,32.0,128,2022-07-07T04:57,2022-07-07T18:25,36427.59,Kolkata,22.5726,88.3639
2022-07-08,53,28.9,31.8,26.1,2.6,2.6,12.0,21.0,38.9,135,2022-07-08T04:58,2022-07-08T18:25,44090.57,Kolkata,22.5726,88.3639
2022-07-09,53,28.6,32.1,26.3,2.0,2.0,10.0,20.9,41.8,121,2022-07-09T04:58,2022-07-09T18:25,44360.81,Kolkata,22.5726,88.3639
2022-07-10,61,28.5,31.1,26.5,6.6,6.6,12.0,21.3,43.2,118,2022-07-10T04:58,2022-07-10T18:25,38167.99,Kolkata,22.5726,88.3639
2022-07-11,63,28.7,31.5,26.0,5.7,5.7,11.0,23.1,44.6,108,2022-07-11T04:59,2022-07-11T18:25,40735.31,Kolkata,22.5726,88.3639
2022-07-12,63,28.9,32.1,26.6,5.3,5.3,14.0,27.9,55.1,107,2022-07-12T04:59,2022-07-12T18:24,42837.42,Kolkata,22.5726,88.3639
2022-07-13,55,28.9,32.4,26.8,3.0,3.0,9.0,23.6,50.8,103,2022-07-13T05:00,2022-07-13T18:24,42139.98,Kolkata,22.5726,88.3639
2022-07-14,61,28.6,31.8,26.5,5.6,5.6,14.0,28.6,57.2,110,2022-07-14T05:00,2022-07-14T18:24,31639.42,Kolkata,22.5726,88.3639
2022-07-15,53,28.8,32.1,25.9,3.2,3.2,16.0,25.8,49.3,111,2022-07-15T05:00,2022-07-15T18:24,42615.16,Kolkata,22.5726,88.3639
2022-07-16,63,28.8,32.2,26.8,5.7,5.7,13.0,22.9,47.5,113,2022-07-16T05:01,2022-07-16T18:24,36906.86,Kolkata,22.5726,88.3639
2022-07-17,51,28.9,32.0,26.5,2.3,2.3,14.0,25.2,48.2,137,2022-07-17T05:01,2022-07-17T18:23,42784.53,Kolkata,22.5726,88.3639
2022-07-18,51,29.1,32.6,26.5,1.6,1.6,8.0,23.1,42.8,171,2022-07-18T05:02,2022-07-18T18:23,44066.31,Kolkata,22.5726,88.3639
2022-07-19,63,29.2,32.9,26.8,5.4,5.4,12.0,14.9,39.2,202,2022-07-19T05:02,2022-07-19T18:23,36128.3,Kolkata,22.5726,88.3639
2022-07-20,61,29.5,33.3,27.2,2.8,2.8,6.0,16.7,32.0,198,2022-07-20T05:03,2022-07-20T18:23,34796.96,Kolkata,22.5726,88.3639
2022-07-21,63,29.0,32.0,26.3,6.7,6.7,12.0,12.9,31.0,160,2022-07-21T05:03,2022-07-21T18:22,36430.32,Kolkata,22.5726,88.3639
2022-07-22,65,28.7,32.9,26.6,12.0,12.0,9.0,16.5,35.3,124,2022-07-22T05:03,2022-07-22T18:22,28366.83,Kolkata,22.5726,88.3639
2022-07-23,63,27.6,30.0,26.1,5.8,5.8,10.0,18.5,36.0,146,2022-07-23T05:04,2022-07-23T18:22,25359.68,Kolkata,22.5726,88.3639
2022-07-24,63,27.4,30.3,25.4,8.2,8.2,14.0,20.0,37.8,157,2022-07-24T05:04,2022-07-24T18:21,12585.26,Kolkata,22.5726,88.3639
2022-07-25,63,27.0,30.2,25.1,16.2,16.2,21.0,16.7,34.6,147,2022-07-25T05:05,2022-07-25T18:21,15137.02,Kolkata,22.5726,88.3639
2022-07-26,61,27.3,31.2,24.7,10.3,10.3,18.0,11.3,23.4,164,2022-07-26T05:05,2022-07-26T18:20,27132.22,Kolkata,22.5726,88.3639
2022-07-27,61,28.2,32.3,25.5,4.3,4.3,8.0,14.9,30.6,185,2022-07-27T05:05,2022-07-27T18:20,37807.53,Kolkata,22.5726,88.3639
2022-07-28,61,29.1,32.8,26.5,2.8,2.8,9.0,13.1,27.7,199,2022-07-28T05:06,2022-07-28T18:19,37162.82,Kolkata,22.5726,88.3639
2022-07-29,63,29.4,32.9,26.8,9.2,9.2,8.0,11.0,27.4,199,2022-07-29T05:06,2022-07-29T18:19,41796.29,Kolkata,22.5726,88.3639
2022-07-30,63,29.5,33.4,26.7,10.7,10.7,9.0,14.4,30.2,203,2022-07-30T05:07,2022-07-30T18:18,25800.02,Kolkata,22.5726,88.3639
2022-07-31,63,29.5,31.7,27.7,7.1,7.1,10.0,15.9,33.5,201,2022-07-31T05:07,2022-07-31T18:18,19292.78,Kolkata,22.5726,88.3639
2022-08-01,65,28.7,32.3,26.8,22.7,22.7,15.0,13.3,27.4,211,2022-08-01T05:08,2022-08-01T18:17,26048.54,Kolkata,22.5726,88.3639
2022-08-02,61,28.6,31.9,26.5,2.6,2.6,10.0,19.7,37.1,151,2022-08-02T05:08,2022-08-02T18:17,12949.11,Kolkata,22.5726,88.3639
2022-08-03,55,28.0,31.0,26.2,4.7,4.7,13.0,10.7,24.5,145,2022-08-03T05:08,2022-08-03T18:16,16093.28,Kolkata,22.5726,88.3639
2022-08-04,61,27.8,31.8,25.2,3.3,3.3,11.0,16.1,31.3,121,2022-08-04T05:09,2022-08-04T18:16,29109.74,Kolkata,22.5726,88.3639
2022-08-05,53,28.6,32.3,26.0,2.8,2.8,12.0,13.8,29.5,114,2022-08-05T05:09,2022-08-05T18:15,38981.27,Kolkata,22.5726,88.3639
2022-08-06,61,28.3,31.9,26.6,6.4,6.4,14.0,17.4,37.8,98,2022-08-06T05:10,2022-08-06T18:14,21701.48,Kolkata,22.5726,88.3639
2022-08-07,53,28.6,32.1,26.3,3.2,3.2,13.0,22.8,43.6,107,2022-08-07T05:10,2022-08-07T18:14,40636.47,Kolkata,22.5726,88.3639
2022-08-08,61,27.8,31.1,26.2,7.9,7.9,12.0,25.9,49.3,104,2022-08-08T05:10,2022-08-08T18:13,26817.08,Kolkata,22.5726,88.3639
2022-08-09,61,26.7,28.2,25.5,11.0,11.0,21.0,26.1,52.6,110,2022-08-09T05:11,2022-08-09T18:13,7829.92,Kolkata,22.5726,88.3639
2022-08-10,63,26.7,29.4,25.4,15.0,15.0,19.0,21.4,40.0,120,2022-08-10T05:11,2022-08-10T18:12,17830.39,Kolkata,22.5726,88.3639
2022-08-11,65,26.4,29.2,24.9,47.8,47.8,22.0,10.2,22.3,178,2022-08-11T05:12,2022-08-11T18:11,4737.01,Kolkata,22.5726,88.3639
2022-08-12,63,27.5,31.2,24.9,19.6,19.6,12.0,8.9,21.2,169,2022-08-12T05:12,2022-08-12T18:10,33707.52,Kolkata,22.5726,88.3639
2022-08-13,63,27.9,31.9,25.7,7.2,7.2,13.0,21.6,39.6,82,2022-08-13T05:12,2022-08-13T18:10,39895.11,Kolkata,22.5726,88.3639
2022-08-14,63,26.4,27.2,25.8,25.2,25.2,22.0,31.5,56.5,122,2022-08-14T05:13,2022-08-14T18:09,0.0,Kolkata,22.5726,88.3639
2022-08-15,63,27.9,30.8,25.2,8.6,8.6,14.0,21.7,45.4,158,2022-08-15T05:13,2022-08-15T18:08,33697.31,Kolkata,22.5726,88.3639
2022-08-16,51,29.1,32.9,26.0,0.7,0.7,6.0,10.9,23.8,213,2022-08-16T05:13,2022-08-16T18:07,43200.0,Kolkata,22.5726,88.3639
2022-08-17,63,29.1,32.4,26.7,4.7,4.7,7.0,11.4,26.3,273,2022-08-17T05:14,2022-08-17T18:07,34535.99,Kolkata,22.5726,88.3639
2022-08-18,55,29.3,33.0,26.6,4.6,4.6,12.0,15.0,35.3,330,2022-08-18T05:14,2022-08-18T18:06,36826.02,Kolkata,22.5726,88.3639
2022-08-19,63,26.6,28.7,25.8,25.3,25.3,20.0,37.2,67.7,65,2022-08-19T05:14,2022-08-19T18:05,11963.69,Kolkata,22.5726,88.3639
2022-08-20,63,26.5,27.9,25.3,10.2,10.2,17.0,31.7,58.7,137,2022-08-20T05:15,2022-08-20T18:04,1001.47,Kolkata,22.5726,88.3639
2022-08-21,63,27.9,31.3,25.3,5.0,5.0,13.0,14.7,31.7,153,2022-08-21T05:15,2022-08-21T18:03,29431.9,Kolkata,22.5726,88.3639
2022-08-22,61,28.7,32.8,25.8,2.7,2.7,4.0,12.2,26.6,148,2022-08-22T05:16,2022-08-22T18:03,39600.0,Kolkata,22.5726,88.3639
2022-08-23,63,26.9,28.7,25.5,32.1,32.1,19.0,9.7,20.2,140,2022-08-23T05:16,2022-08-23T18:02,4870.27,Kolkata,22.5726,88.3639
2022-08-24,63,26.9,30.0,25.0,18.3,18.3,17.0,14.4,30.2,146,2022-08-24T05:16,2022-08-24T18:01,18371.06,Kolkata,22.5726,88.3639
2022-08-25,51,28.3,32.2,25.2,0.9,0.9,6.0,16.6,31.0,180,2022-08-25T05:17,2022-08-25T18:00,43022.23,Kolkata,22.5726,88.3639
2022-08-26,51,28.9,32.3,25.6,1.1,1.1,7.0,12.2,27.7,197,2022-08-26T05:17,2022-08-26T17:59,41341.43,Kolkata,22.5726,88.3639
2022-08-27,61,28.8,32.9,26.1,4.3,4.3,10.0,19.0,37.4,192,2022-08-27T05:17,2022-08-27T17:58,25116.83,Kolkata,22.5726,88.3639
2022-08-28,63,27.9,31.5,26.2,22.3,22.3,12.0,18.2,37.4,172,2022-08-28T05:17,2022-08-28T17:57,29681.06,Kolkata,22.5726,88.3639
2022-08-29,63,28.3,31.5,26.0,6.3,6.3,7.0,18.3,34.9,165,2022-08-29T05:18,2022-08-29T17:56,38144.43,Kolkata,22.5726,88.3639
2022-08-30,53,29.2,33.2,26.3,1.5,1.5,8.0,13.7,29.9,187,2022-08-30T05:18,2022-08-30T17:55,43200.0,Kolkata,22.5726,88.3639
2022-08-31,65,29.5,32.9,27.0,10.1,10.1,10.0,14.0,28.1,203,2022-08-31T05:18,2022-08-31T17:55,40259.21,Kolkata,22.5726,88.3639
2022-09-01,61,29.6,32.6,27.4,2.8,2.8,6.0,14.8,28.4,199,2022-09-01T05:19,2022-09-01T17:54,41844.03,Kolkata,22.5726,88.3639
2022-09-02,3,30.0,33.8,27.4,0.0,0.0,0.0,15.6,31.0,208,2022-09-02T05:19,2022-09-02T17:53,43200.0,Kolkata,22.5726,88.3639
2022-09-03,65,29.1,31.9,27.1,18.6,18.6,7.0,14.9,28.4,208,2022-09-03T05:19,2022-09-03T17:52,32062.93,Kolkata,22.5726,88.3639
2022-09-04,63,29.1,32.3,27.4,12.2,12.2,8.0,14.4,30.6,199,2022-09-04T05:20,2022-09-04T17:51,29235.49,Kolkata,22.5726,88.3639
2022-09-05,65,28.4,31.1,26.8,18.7,18.7,10.0,11.8,25.9,186,2022-09-05T05:20,2022-09-05T17:50,18726.47,Kolkata,22.5726,88.3639
2022-09-06,65,28.1,31.2,25.6,19.2,19.2,14.0,13.6,27.4,172,2022-09-06T05:20,2022-09-06T17:49,25502.81,Kolkata,22.5726,88.3639
2022-09-07,63,28.4,32.7,26.2,18.9,18.9,11.0,10.8,29.5,113,2022-09-07T05:21,2022-09-07T17:48,27809.66,Kolkata,22.5726,88.3639
2022-09-08,53,29.5,33.0,26.6,2.3,2.3,5.0,18.4,38.5,107,2022-09-08T05:21,2022-09-08T17:47,42871.78,Kolkata,22.5726,88.3639
2022-09-09,63,28.9,33.0,26.4,4.2,4.2,4.0,13.0,30.2,102,2022-09-09T05:21,2022-09-09T17:46,28934.16,Kolkata,22.5726,88.3639
2022-09-10,63,27.5,30.4,25.8,16.0,16.0,14.0,20.0,42.8,112,2022-09-10T05:21,2022-09-10T17:45,26487.48,Kolkata,22.5726,88.3639
2022-09-11,63,25.8,27.4,24.5,31.0,31.0,21.0,23.2,41.8,126,2022-09-11T05:22,2022-09-11T17:44,611.85,Kolkata,22.5726,88.3639
2022-09-12,63,25.9,27.6,24.2,23.1,23.1,19.0,21.4,38.9,158,2022-09-12T05:22,2022-09-12T17:43,409.83,Kolkata,22.5726,88.3639
2022-09-13,65,25.9,27.9,24.5,46.6,46.6,23.0,20.5,41.8,185,2022-09-13T05:22,2022-09-13T17:42,2304.28,Kolkata,22.5726,88.3639
2022-09-14,63,26.3,27.5,24.9,32.5,32.5,18.0,17.5,32.8,192,2022-09-14T05:23,2022-09-14T17:41,0.0,Kolkata,22.5726,88.3639
2022-09-15,65,26.6,30.1,24.4,19.8,19.8,14.0,14.1,26.6,191,2022-09-15T05:23,2022-09-15T17:40,14594.63,Kolkata,22.5726,88.3639
2022-09-16,63,27.6,31.7,24.9,5.9,5.9,6.0,14.8,33.8,190,2022-09-16T05:23,2022-09-16T17:39,28111.1,Kolkata,22.5726,88.3639
2022-09-17,63,28.1,31.1,26.3,8.2,8.2,6.0,9.3,22.3,171,2022-09-17T05:23,2022-09-17T17:38,31130.53,Kolkata,22.5726,88.3639
2022-09-18,65,27.8,31.4,25.6,16.9,16.9,11.0,12.7,29.5,104,2022-09-18T05:24,2022-09-18T17:37,29616.09,Kolkata,22.5726,88.3639
2022-09-19,63,27.3,30.2,25.9,14.6,14.6,12.0,21.3,45.7,94,2022-09-19T05:24,2022-09-19T17:36,32255.83,Kolkata,22.5726,88.3639
2022-09-20,63,27.4,30.4,25.5,12.1,12.1,14.0,23.6,51.8,118,2022-09-20T05:24,2022-09-20T17:35,28814.98,Kolkata,22.5726,88.3639
2022-09-21,63,27.7,30.4,25.6,5.3,5.3,11.0,17.8,36.7,152,2022-09-21T05:25,2022-09-21T17:34,41610.45,Kolkata,22.5726,88.3639
2022-09-22,63,27.6,31.1,24.9,6.4,6.4,9.0,15.6,33.1,160,2022-09-22T05:25,2022-09-22T17:33,39421.18,Kolkata,22.5726,88.3639
2022-09-23,63,27.8,31.0,25.4,6.5,6.5,6.0,16.6,35.3,177,2022-09-23T05:25,2022-09-23T17:32,38503.9,Kolkata,22.5726,88.3639
2022-09-24,63,27.9,31.3,25.5,8.0,8.0,10.0,11.6,26.6,177,2022-09-24T05:25,2022-09-24T17:31,30655.1,Kolkata,22.5726,88.3639
2022-09-25,61,27.5,31.6,25.3,3.4,3.4,7.0,16.5,32.0,167,2022-09-25T05:26,2022-09-25T17:30,34766.9,Kolkata,22.5726,88.3639
2022-09-26,55,27.6,31.3,25.5,3.3,3.3,9.0,13.7,35.6,184,2022-09-26T05:26,2022-09-26T17:29,35107.37,Kolkata,22.5726,88.3639
2022-09-27,63,27.7,30.8,25.7,8.6,8.6,7.0,11.1,23.8,175,2022-09-27T05:26,2022-09-27T17:28,30871.05,Kolkata,22.5726,88.3639
2022-09-28,63,27.7,30.9,25.8,7.1,7.1,9.0,8.9,18.0,214,2022-09-28T05:27,2022-09-28T17:27,27133.93,Kolkata,22.5726,88.3639
2022-09-29,53,28.4,32.3,25.0,1.1,1.1,4.0,8.8,21.6,24,2022-09-29T05:27,2022-09-29T17:26,41651.45,Kolkata,22.5726,88.3639
2022-09-30,53,28.2,32.4,25.4,1.3,1.3,6.0,10.8,21.2,5,2022-09-30T05:27,2022-09-30T17:25,40944.42,Kolkata,22.5726,88.3639
2022-10-01,61,28.3,33.1,25.7,4.5,4.5,5.0,12.7,22.7,273,2022-10-01T05:28,2022-10-01T17:24,33657.79,Kolkata,22.5726,88.3639
2022-10-02,63,26.9,30.7,24.7,16.3,16.3,10.0,14.2,29.5,59,2022-10-02T05:28,2022-10-02T17:23,17815.19,Kolkata,22.5726,88.3639
2022-10-03,63,26.3,29.3,24.3,16.1,16.1,23.0,13.6,30.2,107,2022-10-03T05:28,2022-10-03T17:22,12250.75,Kolkata,22.5726,88.3639
2022-10-04,63,26.8,30.1,24.7,7.1,7.1,18.0,19.8,42.5,129,2022-10-04T05:29,2022-10-04T17:21,22366.71,Kolkata,22.5726,88.3639
2022-10-05,63,27.1,31.0,25.2,7.6,7.6,11.0,17.4,40.0,133,2022-10-05T05:29,2022-10-05T17:20,32400.0,Kolkata,22.5726,88.3639
2022-10-06,63,26.4,30.1,24.2,7.6,7.6,11.0,18.7,38.9,161,2022-10-06T05:29,2022-10-06T17:19,32285.17,Kolkata,22.5726,88.3639
2022-10-07,65,26.8,31.5,24.2,10.3,10.3,10.0,15.3,38.2,134,2022-10-07T05:30,2022-10-07T17:18,35425.37,Kolkata,22.5726,88.3639
2022-10-08,63,27.9,32.2,25.6,7.5,7.5,4.0,9.2,31.3,179,2022-10-08T05:30,2022-10-08T17:17,37192.08,Kolkata,22.5726,88.3639
2022-10-09,63,28.0,31.7,25.0,5.3,5.3,8.0,10.2,24.1,180,2022-10-09T05:30,2022-10-09T17:16,37836.27,Kolkata,22.5726,88.3639
2022-10-10,63,27.8,30.9,25.8,3.4,3.4,4.0,14.2,29.5,194,2022-10-10T05:31,2022-10-10T17:16,40553.58,Kolkata,22.5726,88.3639
2022-10-11,61,27.5,30.3,25.7,5.1,5.1,7.0,15.2,33.1,196,2022-10-11T05:31,2022-10-11T17:15,29384.14,Kolkata,22.5726,88.3639
2022-10-12,65,27.0,30.8,25.3,15.3,15.3,9.0,18.8,38.5,195,2022-10-12T05:31,2022-10-12T17:14,24863.47,Kolkata,22.5726,88.3639
2022-10-13,63,26.3,29.8,24.2,10.4,10.4,7.0,11.9,30.2,136,2022-10-13T05:32,2022-10-13T17:13,22964.88,Kolkata,22.5726,88.3639
2022-10-14,63,26.8,30.8,23.9,7.7,7.7,9.0,11.2,24.8,12,2022-10-14T05:32,2022-10-14T17:12,32069.15,Kolkata,22.5726,88.3639
2022-10-15,63,27.5,31.0,24.4,4.8,4.8,8.0,9.4,22.3,19,2022-10-15T05:33,2022-10-15T17:11,39191.62,Kolkata,22.5726,88.3639
2022-10-16,2,27.5,31.5,24.1,0.0,0.0,0.0,13.6,27.7,10,2022-10-16T05:33,2022-10-16T17:10,40075.59,Kolkata,22.5726,88.3639
2022-10-17,1,27.3,31.0,24.0,0.0,0.0,0.0,13.0,26.3,0,2022-10-17T05:33,2022-10-17T17:10,40078.23,Kolkata,22.5726,88.3639
2022-10-18,3,26.8,31.0,23.5,0.0,0.0,0.0,12.9,27.0,1,2022-10-18T05:34,2022-10-18T17:09,39572.44,Kolkata,22.5726,88.3639
2022-10-19,51,26.3,30.4,23.7,0.1,0.1,1.0,13.5,27.7,29,2022-10-19T05:34,2022-10-19T17:08,38509.98,Kolkata,22.5726,88.3639
2022-10-20,1,26.6,30.8,23.3,0.0,0.0,0.0,13.8,28.1,9,2022-10-20T05:35,2022-10-20T17:07,39318.65,Kolkata,22.5726,88.3639
2022-10-21,0,26.4,31.1,22.6,0.0,0.0,0.0,14.2,29.2,356,2022-10-21T05:35,2022-10-21T17:06,39317.58,Kolkata,22.5726,88.3639
2022-10-22,3,27.0,31.4,23.3,0.0,0.0,0.0,14.0,28.8,357,2022-10-22T05:36,2022-10-22T17:06,39315.65,Kolkata,22.5726,88.3639
2022-10-23,3,25.8,28.7,23.5,0.0,0.0,0.0,13.3,23.4,28,2022-10-23T05:36,2022-10-23T17:05,11512.31,Kolkata,22.5726,88.3639
2022-10-24,65,23.7,25.0,22.5,50.0,50.0,19.0,26.9,51.5,4,2022-10-24T05:37,2022-10-24T17:04,0.0,Kolkata,22.5726,88.3639
2022-10-25,3,24.5,28.7,20.5,0.0,0.0,0.0,17.3,31.0,268,2022-10-25T05:37,2022-10-25T17:03,38005.08,Kolkata,22.5726,88.3639
2022-10-26,1,25.7,30.6,21.0,0.0,0.0,0.0,9.5,18.0,183,2022-10-26T05:37,2022-10-26T17:03,38161.18,Kolkata,22.5726,88.3639
2022-10-27,1,25.5,30.3,21.6,0.0,0.0,0.0,8.0,18.0,348,2022-10-27T05:38,2022-10-27T17:02,38181.74,Kolkata,22.5726,88.3639
2022-10-28,1,25.0,29.8,20.8,0.0,0.0,0.0,11.7,22.3,38,2022-10-28T05:38,2022-10-28T17:01,36133.2,Kolkata,22.5726,88.3639
2022-10-29,2,24.2,29.2,18.4,0.0,0.0,0.0,13.4,28.4,1,2022-10-29T05:39,2022-10-29T17:01,38741.99,Kolkata,22.5726,88.3639
2022-10-30,0,24.8,29.4,19.8,0.0,0.0,0.0,8.1,19.4,339,2022-10-30T05:39,2022-10-30T17:00,38504.79,Kolkata,22.5726,88.3639
2022-10-31,3,25.4,30.1,20.4,0.0,0.0,0.0,9.4,20.9,352,2022-10-31T05:40,2022-10-31T16:59,38007.16,Kolkata,22.5726,88.3639
2022-11-01,0,25.9,30.8,20.9,0.0,0.0,0.0,10.5,23.4,3,2022-11-01T05:41,2022-11-01T16:59,37768.59,Kolkata,22.5726,88.3639
2022-11-02,3,25.6,30.4,21.8,0.0,0.0,0.0,9.8,21.6,336,2022-11-02T05:41,2022-11-02T16:58,37529.52,Kolkata,22.5726,88.3639
2022-11-03,3,24.3,29.4,20.2,0.0,0.0,0.0,8.4,19.4,320,2022-11-03T05:42,2022-11-03T16:58,33635.38,Kolkata,22.5726,88.3639
2022-11-04,0,25.0,30.0,19.3,0.0,0.0,0.0,8.4,19.8,299,2022-11-04T05:42,2022-11-04T16:57,37834.92,Kolkata,22.5726,88.3639
2022-11-05,1,24.8,29.5,20.6,0.0,0.0,0.0,9.4,19.4,337,2022-11-05T05:43,2022-11-05T16:57,37857.67,Kolkata,22.5726,88.3639
2022-11-06,2,24.7,29.2,19.5,0.0,0.0,0.0,8.0,16.6,328,2022-11-06T05:43,2022-11-06T16:56,37355.43,Kolkata,22.5726,88.3639
2022-11-07,2,24.5,29.2,19.7,0.0,0.0,0.0,8.0,15.5,242,2022-11-07T05:44,2022-11-07T16:56,37377.81,Kolkata,22.5726,88.3639
2022-11-08,1,24.4,29.6,19.9,0.0,0.0,0.0,8.7,16.9,319,2022-11-08T05:45,2022-11-08T16:55,37136.87,Kolkata,22.5726,88.3639
2022-11-09,3,24.6,28.8,20.4,0.0,0.0,0.0,11.8,25.2,46,2022-11-09T05:45,2022-11-09T16:55,37159.21,Kolkata,22.5726,88.3639
2022-11-10,2,24.2,29.5,19.9,0.0,0.0,0.0,12.0,25.9,17,2022-11-10T05:46,2022-11-10T16:54,35361.53,Kolkata,22.5726,88.3639
2022-11-11,3,24.5,29.2,19.5,0.0,0.0,0.0,9.8,21.2,7,2022-11-11T05:46,2022-11-11T16:54,36939.47,Kolkata,22.5726,88.3639
2022-11-12,3,24.1,29.2,18.4,0.0,0.0,0.0,9.5,22.0,338,2022-11-12T05:47,2022-11-12T16:54,36430.95,Kolkata,22.5726,88.3639
2022-11-13,0,22.6,28.3,18.4,0.0,0.0,0.0,11.2,23.8,5,2022-11-13T05:48,2022-11-13T16:53,36984.3,Kolkata,22.5726,88.3639
2022-11-14,0,22.1,27.7,16.1,0.0,0.0,0.0,12.6,26.6,11,2022-11-14T05:48,2022-11-14T16:53,37006.87,Kolkata,22.5726,88.3639
2022-11-15,0,21.6,27.8,15.7,0.0,0.0,0.0,9.4,22.3,337,2022-11-15T05:49,2022-11-15T16:53,36762.67,Kolkata,22.5726,88.3639
2022-11-16,0,21.7,28.1,16.1,0.0,0.0,0.0,9.1,19.8,347,2022-11-16T05:49,2022-11-16T16:52,36784.85,Kolkata,22.5726,88.3639
2022-11-17,0,22.1,28.6,16.1,0.0,0.0,0.0,11.6,23.8,5,2022-11-17T05:50,2022-11-17T16:52,36539.37,Kolkata,22.5726,88.3639
2022-11-18,3,21.8,28.2,17.2,0.0,0.0,0.0,17.4,33.8,1,2022-11-18T05:51,2022-11-18T16:52,36292.98,Kolkata,22.5726,88.3639
2022-11-19,3,21.5,27.5,18.0,0.0,0.0,0.0,13.7,28.8,1,2022-11-19T05:51,2022-11-19T16:52,36000.0,Kolkata,22.5726,88.3639
2022-11-20,3,22.7,28.5,18.2,0.0,0.0,0.0,11.4,23.0,1,2022-11-20T05:52,2022-11-20T16:51,36000.0,Kolkata,22.5726,88.3639
2022-11-21,3,23.1,28.6,19.1,0.0,0.0,0.0,11.3,24.5,357,2022-11-21T05:53,2022-11-21T16:51,36088.15,Kolkata,22.5726,88.3639
2022-11-22,3,22.3,28.1,16.6,0.0,0.0,0.0,11.6,24.1,349,2022-11-22T05:53,2022-11-22T16:51,36109.77,Kolkata,22.5726,88.3639
2022-11-23,3,21.7,27.8,15.3,0.0,0.0,0.0,13.0,28.1,348,2022-11-23T05:54,2022-11-23T16:51,36131.65,Kolkata,22.5726,88.3639
2022-11-24,3,20.8,27.4,15.6,0.0,0.0,0.0,13.4,28.1,345,2022-11-24T05:55,2022-11-24T16:51,36153.69,Kolkata,22.5726,88.3639
2022-11-25,3,21.3,27.7,16.0,0.0,0.0,0.0,12.4,27.4,344,2022-11-25T05:55,2022-11-25T16:51,36000.0,Kolkata,22.5726,88.3639
2022-11-26,0,20.9,27.7,16.1,0.0,0.0,0.0,10.1,20.2,317,2022-11-26T05:56,2022-11-26T16:51,36000.0,Kolkata,22.5726,88.3639
2022-11-27,0,21.3,27.8,14.9,0.0,0.0,0.0,9.5,15.8,335,2022-11-27T05:57,2022-11-27T16:51,36000.0,Kolkata,22.5726,88.3639
2022-11-28,0,21.7,28.2,15.8,0.0,0.0,0.0,9.4,21.2,5,2022-11-28T05:57,2022-11-28T16:51,36000.0,Kolkata,22.5726,88.3639
2022-11-29,3,22.8,28.3,17.8,0.0,0.0,0.0,10.6,23.8,353,2022-11-29T05:58,2022-11-29T16:51,32404.52,Kolkata,22.5726,88.3639
2022-11-30,0,23.4,29.1,19.0,0.0,0.0,0.0,9.6,23.0,344,2022-11-30T05:59,2022-11-30T16:51,36000.0,Kolkata,22.5726,88.3639
2022-12-01,0,22.4,28.8,18.7,0.0,0.0,0.0,11.1,25.2,345,2022-12-01T05:59,2022-12-01T16:51,36000.0,Kolkata,22.5726,88.3639
2022-12-02,0,21.7,28.0,16.7,0.0,0.0,0.0,13.0,26.6,353,2022-12-02T06:00,2022-12-02T16:51,36000.0,Kolkata,22.5726,88.3639
2022-12-03,0,21.0,27.6,15.8,0.0,0.0,0.0,10.9,24.1,346,2022-12-03T06:01,2022-12-03T16:51,36000.0,Kolkata,22.5726,88.3639
2022-12-04,0,19.9,27.2,15.1,0.0,0.0,0.0,14.1,29.5,350,2022-12-04T06:01,2022-12-04T16:51,36000.0,Kolkata,22.5726,88.3639
2022-12-05,0,20.0,26.9,15.1,0.0,0.0,0.0,12.3,27.4,331,2022-12-05T06:02,2022-12-05T16:51,36000.0,Kolkata,22.5726,88.3639
2022-12-06,2,20.4,26.9,15.5,0.0,0.0,0.0,11.0,23.4,335,2022-12-06T06:03,2022-12-06T16:51,36000.0,Kolkata,22.5726,88.3639
2022-12-07,3,19.6,25.9,15.2,0.0,0.0,0.0,11.9,24.5,345,2022-12-07T06:03,2022-12-07T16:52,36000.0,Kolkata,22.5726,88.3639
2022-12-08,3,19.6,26.5,15.0,0.0,0.0,0.0,11.5,25.9,352,2022-12-08T06:04,2022-12-08T16:52,36000.0,Kolkata,22.5726,88.3639
2022-12-09,3,20.1,26.5,14.3,0.0,0.0,0.0,10.3,24.5,2,2022-12-09T06:05,2022-12-09T16:52,36000.0,Kolkata,22.5726,88.3639
2022-12-10,3,20.8,27.2,15.0,0.0,0.0,0.0,9.7,22.0,356,2022-12-10T06:05,2022-12-10T16:52,15873.45,Kolkata,22.5726,88.3639
2022-12-11,3,21.4,27.5,17.0,0.0,0.0,0.0,9.7,19.4,324,2022-12-11T06:06,2022-12-11T16:53,36000.0,Kolkata,22.5726,88.3639
2022-12-12,1,21.7,28.1,15.3,0.0,0.0,0.0,9.3,14.8,334,2022-12-12T06:06,2022-12-12T16:53,36000.0,Kolkata,22.5726,88.3639
2022-12-13,0,22.4,28.8,16.3,0.0,0.0,0.0,10.0,16.2,255,2022-12-13T06:07,2022-12-13T16:53,36000.0,Kolkata,22.5726,88.3639
2022-12-14,0,22.2,28.0,17.0,0.0,0.0,0.0,10.1,23.4,328,2022-12-14T06:08,2022-12-14T16:54,36000.0,Kolkata,22.5726,88.3639
2022-12-15,0,20.1,26.3,15.2,0.0,0.0,0.0,10.4,22.0,318,2022-12-15T06:08,2022-12-15T16:54,36000.0,Kolkata,22.5726,88.3639
2022-12-16,0,18.7,25.5,13.5,0.0,0.0,0.0,10.9,23.0,333,2022-12-16T06:09,2022-12-16T16:54,36000.0,Kolkata,22.5726,88.3639
2022-12-17,3,17.9,24.9,12.9,0.0,0.0,0.0,11.9,23.4,350,2022-12-17T06:09,2022-12-17T16:55,36000.0,Kolkata,22.5726,88.3639
2022-12-18,3,19.3,25.6,13.8,0.0,0.0,0.0,10.3,23.0,346,2022-12-18T06:10,2022-12-18T16:55,36000.0,Kolkata,22.5726,88.3639
2022-12-19,3,20.5,26.4,15.3,0.0,0.0,0.0,11.4,25.9,316,2022-12-19T06:11,2022-12-19T16:56,35520.6,Kolkata,22.5726,88.3639
2022-12-20,3,19.9,26.6,14.1,0.0,0.0,0.0,9.3,22.3,340,2022-12-20T06:11,2022-12-20T16:56,36000.0,Kolkata,22.5726,88.3639
2022-12-21,3,19.8,26.2,13.9,0.0,0.0,0.0,9.8,20.5,345,2022-12-21T06:12,2022-12-21T16:57,36000.0,Kolkata,22.5726,88.3639
2022-12-22,3,19.7,26.1,14.0,0.0,0.0,0.0,9.7,20.9,322,2022-12-22T06:12,2022-12-22T16:57,36000.0,Kolkata,22.5726,88.3639
2022-12-23,1,19.8,26.6,13.6,0.0,0.0,0.0,8.9,19.1,2,2022-12-23T06:13,2022-12-23T16:58,36000.0,Kolkata,22.5726,88.3639
2022-12-24,0,20.4,27.5,14.0,0.0,0.0,0.0,8.6,19.1,351,2022-12-24T06:13,2022-12-24T16:58,36000.0,Kolkata,22.5726,88.3639
2022-12-25,0,21.5,28.4,15.8,0.0,0.0,0.0,11.5,20.5,207,2022-12-25T06:14,2022-12-25T16:59,36000.0,Kolkata,22.5726,88.3639
2022-12-26,0,22.2,28.3,17.6,0.0,0.0,0.0,10.0,21.2,240,2022-12-26T06:14,2022-12-26T16:59,36000.0,Kolkata,22.5726,88.3639
2022-12-27,3,22.2,27.6,17.9,0.0,0.0,0.0,14.5,28.1,255,2022-12-27T06:14,2022-12-27T17:00,26693.56,Kolkata,22.5726,88.3639
2022-12-28,3,21.3,26.5,17.1,0.0,0.0,0.0,11.4,25.9,14,2022-12-28T06:15,2022-12-28T17:00,35808.13,Kolkata,22.5726,88.3639
2022-12-29,3,18.4,24.8,13.3,0.0,0.0,0.0,9.5,19.4,15,2022-12-29T06:15,2022-12-29T17:01,36000.0,Kolkata,22.5726,88.3639
2022-12-30,0,18.2,24.6,12.4,0.0,0.0,0.0,8.8,18.7,358,2022-12-30T06:16,2022-12-30T17:02,36000.0,Kolkata,22.5726,88.3639
2022-12-31,1,20.0,26.2,13.9,0.0,0.0,0.0,8.8,15.8,105,2022-12-31T06:16,2022-12-31T17:02,36000.0,Kolkata,22.5726,88.3639
2023-01-01,51,19.7,24.7,15.8,0.2,0.2,1.0,8.5,19.8,65,2023-01-01T06:16,2023-01-01T17:03,29071.34,Kolkata,22.5726,88.3639
2023-01-02,1,19.9,25.7,15.5,0.0,0.0,0.0,8.2,18.0,28,2023-01-02T06:16,2023-01-02T17:03,36000.0,Kolkata,22.5726,88.3639
2023-01-03,1,19.0,25.2,14.7,0.0,0.0,0.0,13.8,26.6,19,2023-01-03T06:17,2023-01-03T17:04,36000.0,Kolkata,22.5726,88.3639
2023-01-04,2,17.8,24.0,13.5,0.0,0.0,0.0,15.8,32.8,16,2023-01-04T06:17,2023-01-04T17:05,36000.0,Kolkata,22.5726,88.3639
2023-01-05,0,17.0,23.1,12.2,0.0,0.0,0.0,15.3,32.0,358,2023-01-05T06:17,2023-01-05T17:05,36000.0,Kolkata,22.5726,88.3639
2023-01-06,0,16.0,23.1,10.4,0.0,0.0,0.0,14.3,29.9,340,2023-01-06T06:17,2023-01-06T17:06,36121.75,Kolkata,22.5726,88.3639
2023-01-07,3,15.7,22.2,10.4,0.0,0.0,0.0,14.0,29.5,345,2023-01-07T06:18,2023-01-07T17:07,36099.92,Kolkata,22.5726,88.3639
2023-01-08,0,17.0,23.5,11.0,0.0,0.0,0.0,12.0,25.2,358,2023-01-08T06:18,2023-01-08T17:08,36077.83,Kolkata,22.5726,88.3639
2023-01-09,0,17.9,24.9,12.1,0.0,0.0,0.0,10.4,23.0,357,2023-01-09T06:18,2023-01-09T17:08,36055.51,Kolkata,22.5726,88.3639
2023-01-10,0,18.1,25.1,12.6,0.0,0.0,0.0,10.6,24.8,359,2023-01-10T06:18,2023-01-10T17:09,36307.45,Kolkata,22.5726,88.3639
2023-01-11,0,17.5,24.8,11.6,0.0,0.0,0.0,12.6,27.7,354,2023-01-11T06:18,2023-01-11T17:10,36284.56,Kolkata,22.5726,88.3639
2023-01-12,0,17.7,25.2,11.0,0.0,0.0,0.0,10.3,18.4,320,2023-01-12T06:18,2023-01-12T17:10,36535.38,Kolkata,22.5726,88.3639
2023-01-13,0,20.3,27.7,13.5,0.0,0.0,0.0,10.6,23.0,197,2023-01-13T06:19,2023-01-13T17:11,36238.58,Kolkata,22.5726,88.3639
2023-01-14,3,21.8,27.7,16.9,0.0,0.0,0.0,10.8,19.1,250,2023-01-14T06:19,2023-01-14T17:12,28596.7,Kolkata,22.5726,88.3639
2023-01-15,3,21.5,27.5,17.4,0.0,0.0,0.0,10.6,23.8,40,2023-01-15T06:19,2023-01-15T17:12,31040.35,Kolkata,22.5726,88.3639
2023-01-16,3,19.5,24.7,15.8,0.0,0.0,0.0,14.5,25.6,30,2023-01-16T06:19,2023-01-16T17:13,32873.41,Kolkata,22.5726,88.3639
2023-01-17,2,18.9,25.3,14.1,0.0,0.0,0.0,9.7,23.4,43,2023-01-17T06:19,2023-01-17T17:14,36374.81,Kolkata,22.5726,88.3639
2023-01-18,53,19.5,25.2,15.5,0.6,0.6,2.0,10.2,22.3,46,2023-01-18T06:19,2023-01-18T17:15,35840.97,Kolkata,22.5726,88.3639
2023-01-19,3,18.7,24.7,15.0,0.0,0.0,0.0,10.2,25.2,32,2023-01-19T06:18,2023-01-19T17:15,34396.65,Kolkata,22.5726,88.3639
2023-01-20,0,18.2,25.3,12.8,0.0,0.0,0.0,10.2,20.5,31,2023-01-20T06:18,2023-01-20T17:16,36892.29,Kolkata,22.5726,88.3639
2023-01-21,0,20.0,27.1,14.4,0.0,0.0,0.0,9.4,20.5,59,2023-01-21T06:18,2023-01-21T17:17,37138.6,Kolkata,22.5726,88.3639
2023-01-22,0,21.5,28.4,15.4,0.0,0.0,0.0,7.7,19.1,58,2023-01-22T06:18,2023-01-22T17:17,37113.85,Kolkata,22.5726,88.3639
2023-01-23,0,22.7,29.5,16.9,0.0,0.0,0.0,8.4,19.4,258,2023-01-23T06:18,2023-01-23T17:18,37088.98,Kolkata,22.5726,88.3639
2023-01-24,3,22.7,29.9,17.1,0.0,0.0,0.0,8.7,17.6,114,2023-01-24T06:18,2023-01-24T17:19,35106.31,Kolkata,22.5726,88.3639
2023-01-25,3,23.2,29.6,17.3,0.0,0.0,0.0,10.5,19.1,209,2023-01-25T06:18,2023-01-25T17:19,34928.81,Kolkata,22.5726,88.3639
2023-01-26,0,23.7,30.7,18.4,0.0,0.0,0.0,10.4,20.5,314,2023-01-26T06:17,2023-01-26T17:20,37550.49,Kolkata,22.5726,88.3639
2023-01-27,0,23.3,29.2,18.0,0.0,0.0,0.0,10.4,24.8,10,2023-01-27T06:17,2023-01-27T17:21,37524.57,Kolkata,22.5726,88.3639
2023-01-28,0,22.2,28.0,18.1,0.0,0.0,0.0,11.9,27.0,4,2023-01-28T06:17,2023-01-28T17:21,37766.05,Kolkata,22.5726,88.3639
2023-01-29,3,20.4,27.0,15.9,0.0,0.0,0.0,11.0,24.8,17,2023-01-29T06:16,2023-01-29T17:22,38540.41,Kolkata,22.5726,88.3639
2023-01-30,1,21.1,28.3,13.9,0.0,0.0,0.0,9.4,20.2,14,2023-01-30T06:16,2023-01-30T17:23,38246.49,Kolkata,22.5726,88.3639
2023-01-31,3,21.8,27.0,16.1,0.0,0.0,0.0,8.7,20.9,320,2023-01-31T06:16,2023-01-31T17:23,24225.71,Kolkata,22.5726,88.3639
2023-02-01,3,21.3,24.6,18.6,0.0,0.0,0.0,11.1,22.7,357,2023-02-01T06:15,2023-02-01T17:24,7063.74,Kolkata,22.5726,88.3639
2023-02-02,3,19.8,25.9,15.8,0.0,0.0,0.0,16.6,31.7,351,2023-02-02T06:15,2023-02-02T17:25,39086.88,Kolkata,22.5726,88.3639
2023-02-03,3,19.4,25.9,14.1,0.0,0.0,0.0,14.7,31.7,353,2023-02-03T06:15,2023-02-03T17:25,39126.18,Kolkata,22.5726,88.3639
2023-02-04,3,19.9,26.9,13.3,0.0,0.0,0.0,12.5,28.8,299,2023-02-04T06:14,2023-02-04T17:26,39164.92,Kolkata,22.5726,88.3639
2023-02-05,2,20.3,27.6,14.1,0.0,0.0,0.0,9.2,22.3,340,2023-02-05T06:14,2023-02-05T17:27,39203.07,Kolkata,22.5726,88.3639
2023-02-06,0,22.0,29.7,15.8,0.0,0.0,0.0,11.7,20.2,225,2023-02-06T06:13,2023-02-06T17:27,39240.57,Kolkata,22.5726,88.3639
2023-02-07,3,22.6,30.4,17.3,0.0,0.0,0.0,15.2,25.9,224,2023-02-07T06:13,2023-02-07T17:28,32077.41,Kolkata,22.5726,88.3639
2023-02-08,0,23.6,30.9,18.8,0.0,0.0,0.0,13.2,28.1,219,2023-02-08T06:12,2023-02-08T17:28,39313.83,Kolkata,22.5726,88.3639
2023-02-09,3,23.3,29.9,18.0,0.0,0.0,0.0,10.1,24.8,335,2023-02-09T06:12,2023-02-09T17:29,35749.85,Kolkata,22.5726,88.3639
2023-02-10,3,22.4,30.0,14.9,0.0,0.0,0.0,11.0,24.8,303,2023-02-10T06:11,2023-02-10T17:30,39385.47,Kolkata,22.5726,88.3639
2023-02-11,3,24.4,32.7,18.5,0.0,0.0,0.0,13.0,25.2,228,2023-02-11T06:11,2023-02-11T17:30,36477.21,Kolkata,22.5726,88.3639
2023-02-12,3,24.8,31.3,19.1,0.0,0.0,0.0,16.7,32.4,306,2023-02-12T06:10,2023-02-12T17:31,33257.1,Kolkata,22.5726,88.3639
2023-02-13,0,22.2,28.8,16.0,0.0,0.0,0.0,14.5,31.7,329,2023-02-13T06:10,2023-02-13T17:31,39489.91,Kolkata,22.5726,88.3639
2023-02-14,0,20.8,27.5,14.6,0.0,0.0,0.0,10.0,22.3,337,2023-02-14T06:09,2023-02-14T17:32,39523.9,Kolkata,22.5726,88.3639
2023-02-15,0,20.8,27.9,13.6,0.0,0.0,0.0,9.4,21.2,322,2023-02-15T06:08,2023-02-15T17:33,39557.47,Kolkata,22.5726,88.3639
2023-02-16,1,22.2,29.3,15.5,0.0,0.0,0.0,8.9,18.0,39,2023-02-16T06:08,2023-02-16T17:33,39590.61,Kolkata,22.5726,88.3639
2023-02-17,3,23.5,29.8,17.8,0.0,0.0,0.0,14.0,30.6,166,2023-02-17T06:07,2023-02-17T17:34,33149.57,Kolkata,22.5726,88.3639
2023-02-18,53,23.6,29.2,19.2,0.7,0.7,3.0,10.2,23.0,212,2023-02-18T06:06,2023-02-18T17:34,32207.61,Kolkata,22.5726,88.3639
2023-02-19,3,24.5,31.0,19.7,0.0,0.0,0.0,11.2,21.2,222,2023-02-19T06:06,2023-02-19T17:35,32155.68,Kolkata,22.5726,88.3639
2023-02-20,51,25.3,31.5,20.2,0.1,0.1,1.0,14.5,27.0,189,2023-02-20T06:05,2023-02-20T17:35,30616.71,Kolkata,22.5726,88.3639
2023-02-21,3,26.5,33.3,21.6,0.0,0.0,0.0,12.7,25.2,210,2023-02-21T06:04,2023-02-21T17:36,39161.91,Kolkata,22.5726,88.3639
2023-02-22,3,26.5,33.0,21.9,0.0,0.0,0.0,20.6,40.0,192,2023-02-22T06:03,2023-02-22T17:36,38640.7,Kolkata,22.5726,88.3639
2023-02-23,3,26.8,33.6,21.2,0.0,0.0,0.0,15.9,27.4,197,2023-02-23T06:03,2023-02-23T17:37,39600.0,Kolkata,22.5726,88.3639
2023-02-24,3,26.8,32.6,22.8,0.0,0.0,0.0,13.5,25.2,210,2023-02-24T06:02,2023-02-24T17:37,36625.31,Kolkata,22.5726,88.3639
2023-02-25,3,26.5,33.2,22.3,0.0,0.0,0.0,10.2,20.9,292,2023-02-25T06:01,2023-02-25T17:38,36000.0,Kolkata,22.5726,88.3639
2023-02-26,1,26.2,31.8,21.1,0.0,0.0,0.0,11.4,20.9,195,2023-02-26T06:00,2023-02-26T17:38,39009.44,Kolkata,22.5726,88.3639
2023-02-27,3,26.0,33.4,19.6,0.0,0.0,0.0,12.2,27.7,234,2023-02-27T06:00,2023-02-27T17:39,39600.0,Kolkata,22.5726,88.3639
2023-02-28,0,25.6,33.5,18.7,0.0,0.0,0.0,9.4,19.8,289,2023-02-28T05:59,2023-02-28T17:39,39600.0,Kolkata,22.5726,88.3639
2023-03-01,3,26.2,33.6,19.9,0.0,0.0,0.0,10.6,17.6,211,2023-03-01T05:58,2023-03-01T17:40,37790.9,Kolkata,22.5726,88.3639
2023-03-02,3,27.3,34.6,19.9,0.0,0.0,0.0,12.0,25.9,268,2023-03-02T05:57,2023-03-02T17:40,36000.0,Kolkata,22.5726,88.3639
2023-03-03,0,26.9,34.8,19.7,0.0,0.0,0.0,14.0,30.2,314,2023-03-03T05:56,2023-03-03T17:40,39600.0,Kolkata,22.5726,88.3639
2023-03-04,0,27.3,34.9,19.5,0.0,0.0,0.0,18.2,37.8,313,2023-03-04T05:56,2023-03-04T17:41,39600.0,Kolkata,22.5726,88.3639
2023-03-05,0,27.4,34.6,20.9,0.0,0.0,0.0,11.5,26.3,322,2023-03-05T05:55,2023-03-05T17:41,39600.0,Kolkata,22.5726,88.3639
2023-03-06,0,26.8,34.3,19.8,0.0,0.0,0.0,10.1,23.4,295,2023-03-06T05:54,2023-03-06T17:42,39600.0,Kolkata,22.5726,88.3639
2023-03-07,3,27.4,34.7,20.2,0.0,0.0,0.0,12.1,27.7,345,2023-03-07T05:53,2023-03-07T17:42,38487.9,Kolkata,22.5726,88.3639
2023-03-08,3,27.5,34.8,20.7,0.0,0.0,0.0,8.8,22.3,26,2023-03-08T05:52,2023-03-08T17:42,39600.0,Kolkata,22.5726,88.3639
2023-03-09,3,26.8,33.8,20.7,0.0,0.0,0.0,9.2,23.8,18,2023-03-09T05:51,2023-03-09T17:43,39600.0,Kolkata,22.5726,88.3639
2023-03-10,3,27.5,33.7,22.8,0.0,0.0,0.0,13.1,24.8,70,2023-03-10T05:50,2023-03-10T17:43,29349.17,Kolkata,22.5726,88.3639
2023-03-11,51,26.6,33.2,22.2,0.1,0.1,1.0,10.0,23.8,26,2023-03-11T05:49,2023-03-11T17:44,32996.32,Kolkata,22.5726,88.3639
2023-03-12,1,27.2,34.9,20.2,0.0,0.0,0.0,10.3,19.1,19,2023-03-12T05:48,2023-03-12T17:44,39720.65,Kolkata,22.5726,88.3639
2023-03-13,3,28.3,35.9,20.5,0.0,0.0,0.0,10.9,22.7,258,2023-03-13T05:47,2023-03-13T17:44,39941.59,Kolkata,22.5726,88.3639
2023-03-14,3,27.9,34.1,22.1,0.0,0.0,0.0,25.1,47.9,198,2023-03-14T05:46,2023-03-14T17:45,37869.35,Kolkata,22.5726,88.3639
2023-03-15,51,28.1,33.8,22.9,0.2,0.2,1.0,18.6,38.5,208,2023-03-15T05:46,2023-03-15T17:45,39634.9,Kolkata,22.5726,88.3639
2023-03-16,63,25.7,33.3,21.9,12.5,12.5,5.0,17.7,50.8,193,2023-03-16T05:45,2023-03-16T17:46,21835.39,Kolkata,22.5726,88.3639
2023-03-17,63,23.7,29.5,20.4,17.7,17.7,7.0,16.4,32.4,128,2023-03-17T05:44,2023-03-17T17:46,25433.14,Kolkata,22.5726,88.3639
2023-03-18,63,23.5,27.7,19.7,5.8,5.8,6.0,11.4,28.1,241,2023-03-18T05:43,2023-03-18T17:46,23873.15,Kolkata,22.5726,88.3639
2023-03-19,65,22.2,24.8,19.8,25.1,25.1,15.0,18.3,34.6,177,2023-03-19T05:42,2023-03-19T17:47,4586.92,Kolkata,22.5726,88.3639
2023-03-20,61,22.8,27.5,19.3,4.1,4.1,7.0,15.8,35.6,197,2023-03-20T05:41,2023-03-20T17:47,28644.77,Kolkata,22.5726,88.3639
2023-03-21,65,23.3,27.3,20.0,15.9,15.9,7.0,19.7,42.8,223,2023-03-21T05:40,2023-03-21T17:47,31758.22,Kolkata,22.5726,88.3639
2023-03-22,61,24.2,29.6,19.9,3.7,3.7,5.0,13.4,27.0,202,2023-03-22T05:39,2023-03-22T17:48,40490.42,Kolkata,22.5726,88.3639
2023-03-23,51,25.0,30.2,20.8,0.4,0.4,4.0,15.8,29.9,173,2023-03-23T05:38,2023-03-23T17:48,40655.09,Kolkata,22.5726,88.3639
2023-03-24,3,25.6,31.8,20.7,0.0,0.0,0.0,10.5,22.7,159,2023-03-24T05:37,2023-03-24T17:49,38073.43,Kolkata,22.5726,88.3639
2023-03-25,51,27.4,32.6,22.5,0.4,0.4,2.0,12.9,28.8,202,2023-03-25T05:36,2023-03-25T17:49,37152.36,Kolkata,22.5726,88.3639
2023-03-26,61,27.8,32.7,24.1,4.3,4.3,3.0,12.8,30.6,221,2023-03-26T05:35,2023-03-26T17:49,40071.15,Kolkata,22.5726,88.3639
2023-03-27,63,26.3,31.2,22.2,7.1,7.1,5.0,14.6,38.9,223,2023-03-27T05:34,2023-03-27T17:50,33243.42,Kolkata,22.5726,88.3639
2023-03-28,1,28.2,34.3,23.2,0.0,0.0,0.0,15.0,30.2,203,2023-03-28T05:33,2023-03-28T17:50,41509.87,Kolkata,22.5726,88.3639
2023-03-29,61,27.7,33.5,23.9,2.1,2.1,3.0,17.8,35.6,205,2023-03-29T05:32,2023-03-29T17:50,38224.72,Kolkata,22.5726,88.3639
2023-03-30,51,28.0,32.9,24.9,1.0,1.0,4.0,15.5,32.4,204,2023-03-30T05:31,2023-03-30T17:51,35265.64,Kolkata,22.5726,88.3639
2023-03-31,63,26.0,30.0,20.8,6.2,6.2,4.0,18.2,36.7,192,2023-03-31T05:30,2023-03-31T17:51,29578.31,Kolkata,22.5726,88.3639
2023-04-01,55,24.5,28.3,21.3,2.2,2.2,6.0,10.9,23.8,220,2023-04-01T05:29,2023-04-01T17:51,18880.37,Kolkata,22.5726,88.3639
2023-04-02,51,26.5,31.6,21.4,0.1,0.1,1.0,13.0,23.8,229,2023-04-02T05:28,2023-04-02T17:52,42372.31,Kolkata,22.5726,88.3639
2023-04-03,3,27.7,33.3,22.6,0.0,0.0,0.0,13.5,28.1,245,2023-04-03T05:27,2023-04-03T17:52,42846.45,Kolkata,22.5726,88.3639
2023-04-04,51,28.4,34.9,23.8,0.3,0.3,1.0,19.9,37.1,205,2023-04-04T05:27,2023-04-04T17:52,43162.9,Kolkata,22.5726,88.3639
2023-04-05,1,29.7,35.8,25.0,0.0,0.0,0.0,15.1,31.0,251,2023-04-05T05:26,2023-04-05T17:53,43002.68,Kolkata,22.5726,88.3639
2023-04-06,1,29.5,36.4,23.0,0.0,0.0,0.0,10.4,22.3,314,2023-04-06T05:25,2023-04-06T17:53,43200.0,Kolkata,22.5726,88.3639
2023-04-07,3,29.7,37.0,22.4,0.0,0.0,0.0,14.3,25.6,254,2023-04-07T05:24,2023-04-07T17:53,41778.71,Kolkata,22.5726,88.3639
2023-04-08,3,30.0,36.8,23.3,0.0,0.0,0.0,8.5,22.0,238,2023-04-08T05:23,2023-04-08T17:54,43200.0,Kolkata,22.5726,88.3639
2023-04-09,3,31.2,38.7,24.9,0.0,0.0,0.0,18.2,33.1,260,2023-04-09T05:22,2023-04-09T17:54,43200.0,Kolkata,22.5726,88.3639
2023-04-10,2,31.2,38.2,24.8,0.0,0.0,0.0,10.5,23.8,198,2023-04-10T05:21,2023-04-10T17:55,43200.0,Kolkata,22.5726,88.3639
2023-04-11,0,31.9,39.6,25.3,0.0,0.0,0.0,17.8,34.6,285,2023-04-11T05:20,2023-04-11T17:55,42453.53,Kolkata,22.5726,88.3639
2023-04-12,0,32.0,40.0,24.0,0.0,0.0,0.0,15.0,32.4,266,2023-04-12T05:19,2023-04-12T17:55,43200.0,Kolkata,22.5726,88.3639
2023-04-13,0,32.2,41.6,23.5,0.0,0.0,0.0,17.6,34.9,267,2023-04-13T05:18,2023-04-13T17:56,43200.0,Kolkata,22.5726,88.3639
2023-04-14,3,33.5,42.6,25.4,0.0,0.0,0.0,13.8,30.2,233,2023-04-14T05:18,2023-04-14T17:56,43200.0,Kolkata,22.5726,88.3639
2023-04-15,3,33.6,41.4,26.1,0.0,0.0,0.0,13.7,28.1,191,2023-04-15T05:17,2023-04-15T17:56,41348.04,Kolkata,22.5726,88.3639
2023-04-16,3,33.7,42.1,28.1,0.0,0.0,0.0,21.0,39.6,190,2023-04-16T05:16,2023-04-16T17:57,23182.66,Kolkata,22.5726,88.3639
2023-04-17,53,33.1,40.1,27.4,0.9,0.9,2.0,19.0,35.3,194,2023-04-17T05:15,2023-04-17T17:57,41405.68,Kolkata,22.5726,88.3639
2023-04-18,55,32.8,40.6,26.7,1.2,1.2,1.0,17.8,30.6,188,2023-04-18T05:14,2023-04-18T17:58,42898.72,Kolkata,22.5726,88.3639
2023-04-19,3,33.3,41.7,26.6,0.0,0.0,0.0,18.7,36.0,185,2023-04-19T05:13,2023-04-19T17:58,39243.54,Kolkata,22.5726,88.3639
2023-04-20,3,32.9,41.0,27.3,0.0,0.0,0.0,20.9,36.7,171,2023-04-20T05:12,2023-04-20T17:58,43059.22,Kolkata,22.5726,88.3639
2023-04-21,3,33.1,41.2,26.3,0.0,0.0,0.0,28.7,52.9,271,2023-04-21T05:12,2023-04-21T17:59,36952.02,Kolkata,22.5726,88.3639
2023-04-22,51,30.3,35.5,24.7,0.6,0.6,3.0,15.6,30.6,225,2023-04-22T05:11,2023-04-22T17:59,38058.86,Kolkata,22.5726,88.3639
2023-04-23,55,28.2,33.6,24.9,2.6,2.6,5.0,16.2,36.7,203,2023-04-23T05:10,2023-04-23T18:00,22173.98,Kolkata,22.5726,88.3639
2023-04-24,65,26.4,30.1,22.9,13.3,13.3,4.0,11.1,28.8,164,2023-04-24T05:09,2023-04-24T18:00,36961.31,Kolkata,22.5726,88.3639
2023-04-25,51,27.8,32.4,22.7,0.5,0.5,4.0,7.9,20.5,275,2023-04-25T05:08,2023-04-25T18:00,36629.52,Kolkata,22.5726,88.3639
2023-04-26,51,28.7,33.5,24.4,0.3,0.3,3.0,11.2,24.5,206,2023-04-26T05:08,2023-04-26T18:01,39124.58,Kolkata,22.5726,88.3639
2023-04-27,65,28.0,34.7,24.2,11.9,11.9,8.0,17.1,40.7,188,2023-04-27T05:07,2023-04-27T18:01,39251.75,Kolkata,22.5726,88.3639
2023-04-28,63,27.4,33.7,23.3,8.5,8.5,2.0,14.1,37.8,191,2023-04-28T05:06,2023-04-28T18:02,42508.48,Kolkata,22.5726,88.3639
2023-04-29,63,28.7,34.3,24.6,13.5,13.5,3.0,26.3,50.4,169,2023-04-29T05:06,2023-04-29T18:02,39456.92,Kolkata,22.5726,88.3639
2023-04-30,61,28.3,33.7,24.9,2.4,2.4,4.0,15.9,31.7,171,2023-04-30T05:05,2023-04-30T18:02,28622.1,Kolkata,22.5726,88.3639
2023-05-01,3,26.9,30.2,24.3,0.0,0.0,0.0,11.1,22.3,344,2023-05-01T05:04,2023-05-01T18:03,7431.56,Kolkata,22.5726,88.3639
2023-05-02,3,28.5,33.2,23.9,0.0,0.0,0.0,12.6,25.6,203,2023-05-02T05:04,2023-05-02T18:03,40900.23,Kolkata,22.5726,88.3639
2023-05-03,65,27.2,30.8,25.4,23.7,23.7,7.0,13.7,31.3,208,2023-05-03T05:03,2023-05-03T18:04,25838.18,Kolkata,22.5726,88.3639
2023-05-04,61,27.4,30.8,24.3,3.1,3.1,7.0,16.5,33.1,214,2023-05-04T05:02,2023-05-04T18:04,26092.78,Kolkata,22.5726,88.3639
2023-05-05,61,28.6,34.0,23.8,2.2,2.2,1.0,10.7,27.4,221,2023-05-05T05:02,2023-05-05T18:05,40574.47,Kolkata,22.5726,88.3639
2023-05-06,51,29.9,34.8,26.1,0.2,0.2,2.0,11.8,20.5,204,2023-05-06T05:01,2023-05-06T18:05,37170.75,Kolkata,22.5726,88.3639
2023-05-07,1,31.1,37.5,26.0,0.0,0.0,0.0,12.1,23.0,228,2023-05-07T05:00,2023-05-07T18:06,43200.0,Kolkata,22.5726,88.3639
2023-05-08,1,32.0,39.1,25.7,0.0,0.0,0.0,13.5,23.4,221,2023-05-08T05:00,2023-05-08T18:06,43200.0,Kolkata,22.5726,88.3639
2023-05-09,1,32.3,39.2,26.5,0.0,0.0,0.0,15.5,27.0,197,2023-05-09T04:59,2023-05-09T18:06,43200.0,Kolkata,22.5726,88.3639
2023-05-10,63,31.7,38.1,27.6,5.2,5.2,2.0,15.6,33.8,191,2023-05-10T04:59,2023-05-10T18:07,43200.0,Kolkata,22.5726,88.3639
2023-05-11,55,31.3,37.8,26.6,2.1,2.1,4.0,17.3,36.0,179,2023-05-11T04:58,2023-05-11T18:07,43200.0,Kolkata,22.5726,88.3639
2023-05-12,51,31.4,37.6,26.3,0.2,0.2,1.0,12.9,27.4,145,2023-05-12T04:58,2023-05-12T18:08,35483.93,Kolkata,22.5726,88.3639
2023-05-13,51,30.7,35.5,26.6,0.2,0.2,1.0,16.2,36.7,81,2023-05-13T04:57,2023-05-13T18:08,39004.24,Kolkata,22.5726,88.3639
2023-05-14,3,31.4,37.2,26.6,0.0,0.0,0.0,26.6,51.8,21,2023-05-14T04:57,2023-05-14T18:09,41544.06,Kolkata,22.5726,88.3639
2023-05-15,51,29.3,36.9,24.5,0.3,0.3,2.0,24.7,47.9,168,2023-05-15T04:56,2023-05-15T18:09,43200.0,Kolkata,22.5726,88.3639
2023-05-16,63,30.8,37.7,25.9,7.8,7.8,2.0,27.6,58.3,192,2023-05-16T04:56,2023-05-16T18:10,35700.86,Kolkata,22.5726,88.3639
2023-05-17,63,30.4,36.7,25.8,7.5,7.5,2.0,23.6,47.9,183,2023-05-17T04:55,2023-05-17T18:10,36000.0,Kolkata,22.5726,88.3639
2023-05-18,63,28.4,34.6,24.4,14.4,14.4,4.0,26.8,49.7,165,2023-05-18T04:55,2023-05-18T18:11,27452.38,Kolkata,22.5726,88.3639
2023-05-19,65,29.9,37.3,24.6,33.4,33.4,4.0,19.6,37.1,184,2023-05-19T04:55,2023-05-19T18:11,27897.75,Kolkata,22.5726,88.3639
2023-05-20,55,30.8,36.7,26.6,1.0,1.0,1.0,21.7,39.2,184,2023-05-20T04:54,2023-05-20T18:11,41685.95,Kolkata,22.5726,88.3639
2023-05-21,51,31.6,36.3,27.8,0.2,0.2,2.0,26.2,51.5,191,2023-05-21T04:54,2023-05-21T18:12,42831.23,Kolkata,22.5726,88.3639
2023-05-22,2,31.5,36.1,27.9,0.0,0.0,0.0,25.9,47.5,184,2023-05-22T04:54,2023-05-22T18:12,43069.48,Kolkata,22.5726,88.3639
2023-05-23,53,31.0,38.7,26.5,1.0,1.0,2.0,26.7,54.7,142,2023-05-23T04:53,2023-05-23T18:13,38811.01,Kolkata,22.5726,88.3639
2023-05-24,63,29.0,34.2,26.3,4.2,4.2,4.0,24.8,48.6,110,2023-05-24T04:53,2023-05-24T18:13,27172.6,Kolkata,22.5726,88.3639
2023-05-25,63,30.5,37.5,25.7,6.8,6.8,2.0,22.7,53.6,151,2023-05-25T04:53,2023-05-25T18:14,26387.43,Kolkata,22.5726,88.3639
2023-05-26,65,28.4,36.2,24.7,20.0,20.0,9.0,11.6,34.6,139,2023-05-26T04:52,2023-05-26T18:14,32858.72,Kolkata,22.5726,88.3639
2023-05-27,51,28.3,32.4,24.4,0.7,0.7,4.0,15.8,33.5,164,2023-05-27T04:52,2023-05-27T18:15,26125.9,Kolkata,22.5726,88.3639
2023-05-28,63,29.3,34.9,25.2,6.7,6.7,6.0,12.4,27.4,121,2023-05-28T04:52,2023-05-28T18:15,38215.22,Kolkata,22.5726,88.3639
2023-05-29,3,31.1,36.0,25.5,0.0,0.0,0.0,8.2,16.6,133,2023-05-29T04:52,2023-05-29T18:16,43200.0,Kolkata,22.5726,88.3639
2023-05-30,51,31.0,36.1,27.6,0.3,0.3,3.0,15.1,38.9,192,2023-05-30T04:52,2023-05-30T18:16,42857.92,Kolkata,22.5726,88.3639
2023-05-31,53,32.0,37.9,28.1,1.4,1.4,4.0,12.2,29.5,198,2023-05-31T04:52,2023-05-31T18:16,38693.23,Kolkata,22.5726,88.3639
2023-06-01,63,32.5,37.8,28.7,2.8,2.8,2.0,16.1,33.8,180,2023-06-01T04:51,2023-06-01T18:17,36907.02,Kolkata,22.5726,88.3639
2023-06-02,65,31.4,36.6,27.8,12.5,12.5,3.0,21.2,41.8,187,2023-06-02T04:51,2023-06-02T18:17,39886.44,Kolkata,22.5726,88.3639
2023-06-03,65,31.5,38.7,28.1,20.9,20.9,4.0,17.5,38.2,192,2023-06-03T04:51,2023-06-03T18:18,32748.54,Kolkata,22.5726,88.3639
2023-06-04,65,32.1,39.0,28.6,10.2,10.2,2.0,15.5,30.6,194,2023-06-04T04:51,2023-06-04T18:18,38355.63,Kolkata,22.5726,88.3639
2023-06-05,2,32.6,39.3,27.9,0.0,0.0,0.0,13.6,33.5,177,2023-06-05T04:51,2023-06-05T18:19,42371.32,Kolkata,22.5726,88.3639
2023-06-06,63,31.7,39.6,28.6,7.6,7.6,2.0,14.9,35.6,177,2023-06-06T04:51,2023-06-06T18:19,28899.74,Kolkata,22.5726,88.3639
2023-06-07,63,32.9,39.8,28.4,3.0,3.0,1.0,17.5,40.7,164,2023-06-07T04:51,2023-06-07T18:19,26218.1,Kolkata,22.5726,88.3639
2023-06-08,63,32.1,38.7,29.2,4.1,4.1,4.0,19.9,37.4,160,2023-06-08T04:51,2023-06-08T18:20,13679.44,Kolkata,22.5726,88.3639
2023-06-09,61,29.4,32.7,27.0,2.7,2.7,7.0,20.0,36.4,166,2023-06-09T04:51,2023-06-09T18:20,6224.22,Kolkata,22.5726,88.3639
2023-06-10,63,29.9,34.7,26.4,6.3,6.3,5.0,15.0,31.7,165,2023-06-10T04:51,2023-06-10T18:20,22761.65,Kolkata,22.5726,88.3639
2023-06-11,65,30.0,37.6,27.0,30.4,30.4,10.0,22.9,50.8,141,2023-06-11T04:51,2023-06-11T18:21,19547.93,Kolkata,22.5726,88.3639
2023-06-12,63,30.3,35.3,25.9,2.7,2.7,1.0,23.8,59.0,142,2023-06-12T04:51,2023-06-12T18:21,17410.93,Kolkata,22.5726,88.3639
2023-06-13,63,31.8,37.7,28.2,5.5,5.5,1.0,22.8,40.3,183,2023-06-13T04:51,2023-06-13T18:21,39213.59,Kolkata,22.5726,88.3639
2023-06-14,3,33.4,38.4,30.0,0.0,0.0,0.0,22.1,41.4,211,2023-06-14T04:51,2023-06-14T18:22,42739.89,Kolkata,22.5726,88.3639
2023-06-15,3,33.7,38.6,30.6,0.0,0.0,0.0,18.9,37.4,192,2023-06-15T04:51,2023-06-15T18:22,41989.63,Kolkata,22.5726,88.3639
2023-06-16,65,32.1,38.5,28.6,11.9,11.9,4.0,26.0,48.2,182,2023-06-16T04:51,2023-06-16T18:22,27530.13,Kolkata,22.5726,88.3639
2023-06-17,3,32.6,37.2,29.5,0.0,0.0,0.0,23.2,43.6,188,2023-06-17T04:52,2023-06-17T18:23,39969.67,Kolkata,22.5726,88.3639
2023-06-18,53,31.3,34.2,29.4,1.4,1.4,3.0,21.3,43.6,179,2023-06-18T04:52,2023-06-18T18:23,27940.89,Kolkata,22.5726,88.3639
2023-06-19,63,29.9,33.3,26.6,12.0,12.0,5.0,19.9,37.4,181,2023-06-19T04:52,2023-06-19T18:23,16313.73,Kolkata,22.5726,88.3639
2023-06-20,53,31.3,34.3,28.7,0.6,0.6,2.0,21.7,41.8,183,2023-06-20T04:52,2023-06-20T18:23,31255.82,Kolkata,22.5726,88.3639
2023-06-21,53,30.1,34.6,28.2,2.0,2.0,5.0,20.0,39.2,175,2023-06-21T04:52,2023-06-21T18:24,19430.97,Kolkata,22.5726,88.3639
2023-06-22,63,28.4,32.8,26.3,23.4,23.4,16.0,16.9,32.4,158,2023-06-22T04:53,2023-06-22T18:24,23562.42,Kolkata,22.5726,88.3639
2023-06-23,65,28.7,32.8,26.5,16.8,16.8,16.0,12.7,25.6,99,2023-06-23T04:53,2023-06-23T18:24,28460.57,Kolkata,22.5726,88.3639
2023-06-24,65,27.9,32.0,25.3,34.0,34.0,21.0,15.2,29.9,107,2023-06-24T04:53,2023-06-24T18:24,29855.51,Kolkata,22.5726,88.3639
2023-06-25,63,28.1,31.3,26.4,8.3,8.3,15.0,24.4,45.4,122,2023-06-25T04:53,2023-06-25T18:24,40318.64,Kolkata,22.5726,88.3639
2023-06-26,65,26.7,29.8,25.6,28.9,28.9,17.0,14.9,28.8,128,2023-06-26T04:54,2023-06-26T18:25,1293.41,Kolkata,22.5726,88.3639
2023-06-27,63,26.3,29.5,25.3,24.5,24.5,20.0,16.8,38.2,151,2023-06-27T04:54,2023-06-27T18:25,1492.66,Kolkata,22.5726,88.3639
2023-06-28,55,27.7,31.5,25.4,3.2,3.2,12.0,24.3,53.3,174,2023-06-28T04:54,2023-06-28T18:25,32400.0,Kolkata,22.5726,88.3639
2023-06-29,63,28.7,32.4,26.2,11.8,11.8,11.0,21.9,43.6,185,2023-06-29T04:54,2023-06-29T18:25,16923.12,Kolkata,22.5726,88.3639
2023-06-30,63,29.1,31.9,27.4,15.2,15.2,15.0,19.3,34.9,192,2023-06-30T04:55,2023-06-30T18:25,33436.77,Kolkata,22.5726,88.3639
2023-07-01,65,28.8,32.7,26.7,20.9,20.9,11.0,18.9,37.8,173,2023-07-01T04:55,2023-07-01T18:25,29015.8,Kolkata,22.5726,88.3639
2023-07-02,65,29.1,31.9,27.6,15.6,15.6,6.0,16.6,32.0,166,2023-07-02T04:55,2023-07-02T18:25,15446.42,Kolkata,22.5726,88.3639
2023-07-03,63,29.6,33.5,27.7,9.2,9.2,6.0,18.9,37.4,175,2023-07-03T04:56,2023-07-03T18:25,36000.0,Kolkata,22.5726,88.3639
2023-07-04,63,29.8,33.5,26.2,6.3,6.3,6.0,15.1,31.3,167,2023-07-04T04:56,2023-07-04T18:25,43552.05,Kolkata,22.5726,88.3639
2023-07-05,63,28.3,31.6,26.9,14.4,14.4,14.0,16.6,35.3,106,2023-07-05T04:56,2023-07-05T18:25,31434.31,Kolkata,22.5726,88.3639
2023-07-06,63,28.2,31.7,26.2,12.4,12.4,11.0,18.6,37.8,148,2023-07-06T04:57,2023-07-06T18:25,29879.63,Kolkata,22.5726,88.3639
2023-07-07,61,28.5,31.5,25.7,4.8,4.8,15.0,20.2,36.7,154,2023-07-07T04:57,2023-07-07T18:25,33022.31,Kolkata,22.5726,88.3639
2023-07-08,63,28.8,32.2,25.6,11.2,11.2,11.0,14.4,30.6,164,2023-07-08T04:58,2023-07-08T18:25,33341.98,Kolkata,22.5726,88.3639
2023-07-09,53,29.5,32.7,26.2,1.9,1.9,8.0,17.2,34.6,176,2023-07-09T04:58,2023-07-09T18:25,43200.0,Kolkata,22.5726,88.3639
2023-07-10,53,29.1,32.9,26.2,1.2,1.2,6.0,16.3,34.6,175,2023-07-10T04:58,2023-07-10T18:25,20714.33,Kolkata,22.5726,88.3639
2023-07-11,53,29.3,33.1,26.1,1.5,1.5,5.0,17.9,34.2,173,2023-07-11T04:59,2023-07-11T18:25,39230.72,Kolkata,22.5726,88.3639
2023-07-12,61,28.9,32.5,26.0,5.0,5.0,10.0,17.7,38.2,172,2023-07-12T04:59,2023-07-12T18:24,38100.91,Kolkata,22.5726,88.3639
2023-07-13,65,28.6,30.9,26.8,13.9,13.9,9.0,12.9,29.5,167,2023-07-13T05:00,2023-07-13T18:24,29111.28,Kolkata,22.5726,88.3639
2023-07-14,65,28.2,32.0,26.1,30.3,30.3,16.0,13.4,37.1,176,2023-07-14T05:00,2023-07-14T18:24,21968.92,Kolkata,22.5726,88.3639
2023-07-15,65,27.5,31.2,25.3,23.4,23.4,17.0,10.4,24.5,107,2023-07-15T05:00,2023-07-15T18:24,26709.81,Kolkata,22.5726,88.3639
2023-07-16,55,28.0,31.9,25.5,4.1,4.1,15.0,18.2,36.4,159,2023-07-16T05:01,2023-07-16T18:24,26103.45,Kolkata,22.5726,88.3639
2023-07-17,63,28.2,30.9,26.1,8.8,8.8,13.0,19.1,36.7,123,2023-07-17T05:01,2023-07-17T18:23,33340.22,Kolkata,22.5726,88.3639
2023-07-18,63,28.7,32.5,26.1,4.4,4.4,6.0,18.6,39.6,104,2023-07-18T05:02,2023-07-18T18:23,34400.83,Kolkata,22.5726,88.3639
2023-07-19,61,28.8,31.8,26.6,6.5,6.5,15.0,17.9,39.2,108,2023-07-19T05:02,2023-07-19T18:23,37783.79,Kolkata,22.5726,88.3639
2023-07-20,53,29.4,32.9,26.8,1.6,1.6,8.0,22.6,47.9,109,2023-07-20T05:02,2023-07-20T18:23,41461.72,Kolkata,22.5726,88.3639
2023-07-21,63,28.6,31.4,27.1,10.9,10.9,11.0,22.7,45.4,112,2023-07-21T05:03,2023-07-21T18:22,32199.75,Kolkata,22.5726,88.3639
2023-07-22,61,28.5,31.7,26.4,8.2,8.2,15.0,24.6,47.9,117,2023-07-22T05:03,2023-07-22T18:22,35311.76,Kolkata,22.5726,88.3639
2023-07-23,51,29.2,32.4,26.7,1.6,1.6,11.0,21.7,41.0,140,2023-07-23T05:04,2023-07-23T18:22,40399.33,Kolkata,22.5726,88.3639
2023-07-24,51,29.2,32.4,26.1,0.7,0.7,6.0,17.6,35.6,129,2023-07-24T05:04,2023-07-24T18:21,43622.04,Kolkata,22.5726,88.3639
2023-07-25,63,28.5,32.1,26.6,9.1,9.1,10.0,23.0,46.4,102,2023-07-25T05:04,2023-07-25T18:21,41216.76,Kolkata,22.5726,88.3639
2023-07-26,63,28.5,31.8,26.8,6.4,6.4,11.0,18.4,38.2,118,2023-07-26T05:05,2023-07-26T18:20,36961.68,Kolkata,22.5726,88.3639
2023-07-27,61,29.0,32.0,26.4,4.8,4.8,11.0,23.9,45.0,155,2023-07-27T05:05,2023-07-27T18:20,42451.78,Kolkata,22.5726,88.3639
2023-07-28,53,29.0,32.3,26.0,1.8,1.8,9.0,18.3,37.4,158,2023-07-28T05:06,2023-07-28T18:19,43699.91,Kolkata,22.5726,88.3639
2023-07-29,63,28.8,32.2,26.3,10.8,10.8,10.0,15.0,34.2,132,2023-07-29T05:06,2023-07-29T18:19,32245.55,Kolkata,22.5726,88.3639
2023-07-30,63,29.1,33.2,26.7,4.4,4.4,13.0,13.2,30.6,106,2023-07-30T05:07,2023-07-30T18:19,43200.0,Kolkata,22.5726,88.3639
2023-07-31,65,28.9,32.7,26.7,26.1,26.1,14.0,12.7,25.9,289,2023-07-31T05:07,2023-07-31T18:18,26870.15,Kolkata,22.5726,88.3639
2023-08-01,65,28.8,33.7,26.2,41.7,41.7,19.0,18.7,32.4,352,2023-08-01T05:07,2023-08-01T18:17,20996.05,Kolkata,22.5726,88.3639
2023-08-02,65,28.2,31.4,26.1,30.9,30.9,17.0,32.1,58.0,175,2023-08-02T05:08,2023-08-02T18:17,35828.3,Kolkata,22.5726,88.3639
2023-08-03,53,29.2,31.8,26.2,3.0,3.0,10.0,24.6,45.7,186,2023-08-03T05:08,2023-08-03T18:16,33274.7,Kolkata,22.5726,88.3639
2023-08-04,61,29.7,33.1,27.1,1.9,1.9,2.0,21.7,40.7,192,2023-08-04T05:09,2023-08-04T18:16,36910.64,Kolkata,22.5726,88.3639
2023-08-05,61,29.5,32.3,27.7,5.0,5.0,8.0,20.9,39.6,201,2023-08-05T05:09,2023-08-05T18:15,33237.93,Kolkata,22.5726,88.3639
2023-08-06,63,28.7,31.7,27.0,9.5,9.5,18.0,20.0,38.2,219,2023-08-06T05:10,2023-08-06T18:15,9384.44,Kolkata,22.5726,88.3639
2023-08-07,63,27.9,31.3,26.6,21.5,21.5,22.0,15.6,29.9,250,2023-08-07T05:10,2023-08-07T18:14,3679.3,Kolkata,22.5726,88.3639
2023-08-08,65,28.0,32.0,26.4,16.0,16.0,11.0,18.3,36.7,242,2023-08-08T05:10,2023-08-08T18:13,15188.83,Kolkata,22.5726,88.3639
2023-08-09,61,27.6,32.4,25.5,8.7,8.7,14.0,19.0,36.0,250,2023-08-09T05:11,2023-08-09T18:13,31744.44,Kolkata,22.5726,88.3639
2023-08-10,63,29.1,33.2,25.2,11.7,11.7,14.0,13.4,31.7,195,2023-08-10T05:11,2023-08-10T18:12,31110.73,Kolkata,22.5726,88.3639
2023-08-11,63,29.4,33.4,26.9,12.5,12.5,13.0,16.5,37.1,219,2023-08-11T05:11,2023-08-11T18:11,38991.47,Kolkata,22.5726,88.3639
2023-08-12,65,28.2,31.7,26.7,37.9,37.9,16.0,11.8,31.7,208,2023-08-12T05:12,2023-08-12T18:11,19635.13,Kolkata,22.5726,88.3639
2023-08-13,63,27.8,30.2,26.4,12.8,12.8,16.0,12.8,27.4,226,2023-08-13T05:12,2023-08-13T18:10,10592.98,Kolkata,22.5726,88.3639
2023-08-14,63,27.8,32.4,25.2,21.8,21.8,12.0,8.7,22.3,219,2023-08-14T05:13,2023-08-14T18:09,26365.88,Kolkata,22.5726,88.3639
2023-08-15,61,28.8,32.7,26.6,5.6,5.6,8.0,10.6,25.2,193,2023-08-15T05:13,2023-08-15T18:08,27507.52,Kolkata,22.5726,88.3639
2023-08-16,63,28.7,32.3,26.7,17.1,17.1,15.0,15.2,34.2,240,2023-08-16T05:13,2023-08-16T18:08,22638.41,Kolkata,22.5726,88.3639
2023-08-17,63,28.8,33.4,26.3,10.1,10.1,13.0,15.8,38.9,90,2023-08-17T05:14,2023-08-17T18:07,39227.78,Kolkata,22.5726,88.3639
2023-08-18,63,28.6,31.7,26.0,5.9,5.9,10.0,27.3,54.4,103,2023-08-18T05:14,2023-08-18T18:06,37507.52,Kolkata,22.5726,88.3639
2023-08-19,55,28.9,31.4,26.4,2.0,2.0,8.0,20.1,41.0,146,2023-08-19T05:14,2023-08-19T18:05,36224.01,Kolkata,22.5726,88.3639
2023-08-20,51,29.3,32.5,26.6,0.5,0.5,5.0,17.6,34.6,178,2023-08-20T05:15,2023-08-20T18:04,41341.1,Kolkata,22.5726,88.3639
2023-08-21,51,29.5,32.6,26.2,0.7,0.7,6.0,18.0,35.3,183,2023-08-21T05:15,2023-08-21T18:04,39956.91,Kolkata,22.5726,88.3639
2023-08-22,61,28.6,31.4,26.0,7.1,7.1,12.0,17.7,37.1,181,2023-08-22T05:15,2023-08-22T18:03,31143.4,Kolkata,22.5726,88.3639
2023-08-23,63,27.7,31.3,25.7,22.2,22.2,21.0,14.8,31.7,164,2023-08-23T05:16,2023-08-23T18:02,28335.02,Kolkata,22.5726,88.3639
2023-08-24,65,27.7,32.2,25.6,28.2,28.2,18.0,16.7,33.5,207,2023-08-24T05:16,2023-08-24T18:01,20134.07,Kolkata,22.5726,88.3639
2023-08-25,63,27.6,30.5,26.1,24.5,24.5,23.0,12.4,28.4,249,2023-08-25T05:16,2023-08-25T18:00,9828.75,Kolkata,22.5726,88.3639
2023-08-26,65,27.3,31.7,25.7,35.1,35.1,22.0,17.1,32.8,208,2023-08-26T05:17,2023-08-26T17:59,11185.83,Kolkata,22.5726,88.3639
2023-08-27,53,29.1,33.5,25.8,1.9,1.9,6.0,15.6,28.4,236,2023-08-27T05:17,2023-08-27T17:58,37430.59,Kolkata,22.5726,88.3639
2023-08-28,3,29.9,33.9,26.3,0.0,0.0,0.0,11.3,24.1,247,2023-08-28T05:17,2023-08-28T17:58,43200.0,Kolkata,22.5726,88.3639
2023-08-29,51,30.0,33.6,26.2,0.2,0.2,2.0,9.4,21.6,7,2023-08-29T05:18,2023-08-29T17:57,43200.0,Kolkata,22.5726,88.3639
2023-08-30,55,30.3,34.1,25.6,1.0,1.0,1.0,13.0,25.2,59,2023-08-30T05:18,2023-08-30T17:56,32894.83,Kolkata,22.5726,88.3639
2023-08-31,51,29.9,34.0,27.2,0.2,0.2,2.0,12.3,25.6,194,2023-08-31T05:18,2023-08-31T17:55,37950.88,Kolkata,22.5726,88.3639
2023-09-01,63,29.6,33.6,26.8,12.9,12.9,10.0,10.1,22.3,177,2023-09-01T05:19,2023-09-01T17:54,34228.89,Kolkata,22.5726,88.3639
2023-09-02,65,29.1,32.7,27.2,23.4,23.4,14.0,12.6,22.3,169,2023-09-02T05:19,2023-09-02T17:53,20513.44,Kolkata,22.5726,88.3639
2023-09-03,65,28.3,32.8,26.3,22.7,22.7,12.0,13.8,29.2,83,2023-09-03T05:19,2023-09-03T17:52,26524.36,Kolkata,22.5726,88.3639
2023-09-04,63,27.3,31.3,25.9,11.8,11.8,13.0,18.0,41.4,110,2023-09-04T05:20,2023-09-04T17:51,17027.76,Kolkata,22.5726,88.3639
2023-09-05,61,27.2,30.1,25.3,11.8,11.8,16.0,19.5,42.1,110,2023-09-05T05:20,2023-09-05T17:50,11563.51,Kolkata,22.5726,88.3639
2023-09-06,61,28.1,31.5,26.2,4.1,4.1,9.0,15.4,41.0,104,2023-09-06T05:20,2023-09-06T17:49,20089.45,Kolkata,22.5726,88.3639
2023-09-07,65,26.9,30.2,25.5,21.7,21.7,22.0,16.2,34.6,108,2023-09-07T05:20,2023-09-07T17:48,15383.54,Kolkata,22.5726,88.3639
2023-09-08,65,27.4,29.3,25.2,17.3,17.3,16.0,19.8,40.0,164,2023-09-08T05:21,2023-09-08T17:47,8561.36,Kolkata,22.5726,88.3639
2023-09-09,65,28.3,31.4,25.8,12.2,12.2,10.0,13.3,34.2,173,2023-09-09T05:21,2023-09-09T17:46,32441.93,Kolkata,22.5726,88.3639
2023-09-10,53,29.1,32.4,26.0,1.8,1.8,7.0,15.1,32.0,176,2023-09-10T05:21,2023-09-10T17:45,43008.56,Kolkata,22.5726,88.3639
2023-09-11,61,29.1,32.6,26.6,4.3,4.3,8.0,12.3,26.6,162,2023-09-11T05:22,2023-09-11T17:44,33259.85,Kolkata,22.5726,88.3639
2023-09-12,61,28.3,32.2,26.3,5.2,5.2,12.0,13.6,33.1,119,2023-09-12T05:22,2023-09-12T17:43,31784.53,Kolkata,22.5726,88.3639
2023-09-13,63,27.9,31.7,26.1,10.3,10.3,16.0,18.1,39.6,73,2023-09-13T05:22,2023-09-13T17:42,28304.2,Kolkata,22.5726,88.3639
2023-09-14,63,27.5,30.9,25.9,16.9,16.9,19.0,28.0,55.1,102,2023-09-14T05:22,2023-09-14T17:41,31839.62,Kolkata,22.5726,88.3639
2023-09-15,63,27.5,29.9,25.7,6.3,6.3,12.0,19.3,40.3,138,2023-09-15T05:23,2023-09-15T17:40,26108.97,Kolkata,22.5726,88.3639
2023-09-16,53,28.4,32.6,25.5,1.6,1.6,8.0,15.1,29.9,139,2023-09-16T05:23,2023-09-16T17:39,41221.73,Kolkata,22.5726,88.3639
2023-09-17,51,29.2,33.5,25.7,0.1,0.1,1.0,12.9,28.1,139,2023-09-17T05:23,2023-09-17T17:38,43200.0,Kolkata,22.5726,88.3639
2023-09-18,63,27.6,30.8,25.6,15.2,15.2,7.0,11.9,29.5,76,2023-09-18T05:24,2023-09-18T17:37,20312.06,Kolkata,22.5726,88.3639
2023-09-19,63,27.0,29.6,25.2,16.0,16.0,15.0,15.9,32.4,82,2023-09-19T05:24,2023-09-19T17:36,16316.55,Kolkata,22.5726,88.3639
2023-09-20,63,27.1,29.2,25.8,13.6,13.6,15.0,18.2,38.2,115,2023-09-20T05:24,2023-09-20T17:35,578.97,Kolkata,22.5726,88.3639
2023-09-21,63,27.7,30.3,25.8,11.5,11.5,11.0,23.8,47.9,165,2023-09-21T05:25,2023-09-21T17:34,25708.31,Kolkata,22.5726,88.3639
2023-09-22,65,27.5,31.1,25.8,12.0,12.0,13.0,24.1,44.6,166,2023-09-22T05:25,2023-09-22T17:33,19270.5,Kolkata,22.5726,88.3639
2023-09-23,63,28.0,30.8,25.5,8.0,8.0,9.0,18.5,46.4,178,2023-09-23T05:25,2023-09-23T17:32,25827.59,Kolkata,22.5726,88.3639
2023-09-24,65,27.4,31.0,25.1,23.1,23.1,13.0,17.3,34.9,180,2023-09-24T05:25,2023-09-24T17:31,30180.67,Kolkata,22.5726,88.3639
2023-09-25,63,27.3,31.4,24.9,14.1,14.1,15.0,16.1,32.4,178,2023-09-25T05:26,2023-09-25T17:30,22457.9,Kolkata,22.5726,88.3639
2023-09-26,61,27.9,32.2,24.4,2.5,2.5,6.0,13.6,27.4,189,2023-09-26T05:26,2023-09-26T17:29,32899.9,Kolkata,22.5726,88.3639
2023-09-27,51,28.3,32.9,24.2,0.3,0.3,1.0,9.5,17.6,210,2023-09-27T05:26,2023-09-27T17:28,37482.5,Kolkata,22.5726,88.3639
2023-09-28,51,28.6,31.8,25.6,0.7,0.7,5.0,8.6,21.2,323,2023-09-28T05:27,2023-09-28T17:27,33879.4,Kolkata,22.5726,88.3639
2023-09-29,65,28.4,32.5,25.3,37.0,37.0,17.0,11.7,27.7,341,2023-09-29T05:27,2023-09-29T17:26,7288.09,Kolkata,22.5726,88.3639
2023-09-30,63,26.4,29.6,25.5,39.5,39.5,18.0,20.8,38.2,78,2023-09-30T05:27,2023-09-30T17:25,5110.6,Kolkata,22.5726,88.3639
2023-10-01,63,27.1,30.2,25.1,11.8,11.8,14.0,18.8,37.1,131,2023-10-01T05:28,2023-10-01T17:24,26610.33,Kolkata,22.5726,88.3639
2023-10-02,63,27.0,30.1,25.3,10.9,10.9,14.0,19.6,38.5,136,2023-10-02T05:28,2023-10-02T17:23,23209.13,Kolkata,22.5726,88.3639
2023-10-03,63,26.3,28.7,24.6,25.4,25.4,22.0,21.3,40.0,142,2023-10-03T05:28,2023-10-03T17:22,14949.46,Kolkata,22.5726,88.3639
2023-10-04,63,25.9,28.2,24.6,44.6,44.6,24.0,18.3,39.2,154,2023-10-04T05:28,2023-10-04T17:21,3600.0,Kolkata,22.5726,88.3639
2023-10-05,65,26.7,30.2,25.0,40.9,40.9,22.0,16.4,35.6,198,2023-10-05T05:29,2023-10-05T17:20,5885.19,Kolkata,22.5726,88.3639
2023-10-06,63,27.6,32.3,25.3,12.5,12.5,11.0,16.3,28.4,222,2023-10-06T05:29,2023-10-06T17:20,29148.49,Kolkata,22.5726,88.3639
2023-10-07,51,28.3,32.6,24.9,0.3,0.3,2.0,8.8,20.5,258,2023-10-07T05:30,2023-10-07T17:19,40738.85,Kolkata,22.5726,88.3639
2023-10-08,63,27.9,32.3,25.1,5.7,5.7,7.0,8.9,20.9,198,2023-10-08T05:30,2023-10-08T17:18,40532.06,Kolkata,22.5726,88.3639
2023-10-09,51,28.5,33.3,24.9,0.3,0.3,2.0,11.7,23.8,233,2023-10-09T05:30,2023-10-09T17:17,38308.38,Kolkata,22.5726,88.3639
2023-10-10,1,29.4,33.7,24.8,0.0,0.0,0.0,11.2,23.0,251,2023-10-10T05:31,2023-10-10T17:16,41052.95,Kolkata,22.5726,88.3639
2023-10-11,0,29.5,33.7,25.1,0.0,0.0,0.0,9.1,20.2,261,2023-10-11T05:31,2023-10-11T17:15,40808.56,Kolkata,22.5726,88.3639
2023-10-12,3,29.2,33.5,24.4,0.0,0.0,0.0,10.5,20.5,265,2023-10-12T05:31,2023-10-12T17:14,40815.52,Kolkata,22.5726,88.3639
2023-10-13,1,28.5,33.6,23.4,0.0,0.0,0.0,8.4,17.3,251,2023-10-13T05:32,2023-10-13T17:13,39750.72,Kolkata,22.5726,88.3639
2023-10-14,1,27.8,33.0,23.3,0.0,0.0,0.0,11.3,22.7,231,2023-10-14T05:32,2023-10-14T17:12,38782.86,Kolkata,22.5726,88.3639
2023-10-15,3,27.6,32.7,23.2,0.0,0.0,0.0,9.0,18.0,294,2023-10-15T05:33,2023-10-15T17:11,40327.53,Kolkata,22.5726,88.3639
2023-10-16,51,27.3,31.4,23.4,0.6,0.6,3.0,13.3,25.9,318,2023-10-16T05:33,2023-10-16T17:11,40078.49,Kolkata,22.5726,88.3639
2023-10-17,51,27.4,31.2,22.8,0.2,0.2,2.0,8.1,15.5,14,2023-10-17T05:33,2023-10-17T17:10,38920.41,Kolkata,22.5726,88.3639
2023-10-18,0,27.1,31.8,23.2,0.0,0.0,0.0,11.5,23.8,2,2023-10-18T05:34,2023-10-18T17:09,39474.0,Kolkata,22.5726,88.3639
2023-10-19,1,26.9,31.3,22.4,0.0,0.0,0.0,11.3,25.2,11,2023-10-19T05:34,2023-10-19T17:08,39577.4,Kolkata,22.5726,88.3639
2023-10-20,0,26.4,31.3,22.0,0.0,0.0,0.0,11.4,24.5,11,2023-10-20T05:35,2023-10-20T17:07,39577.45,Kolkata,22.5726,88.3639
2023-10-21,2,25.7,30.8,20.8,0.0,0.0,0.0,10.6,23.8,359,2023-10-21T05:35,2023-10-21T17:06,39576.5,Kolkata,22.5726,88.3639
2023-10-22,3,26.9,31.4,23.1,0.0,0.0,0.0,11.7,25.9,10,2023-10-22T05:35,2023-10-22T17:06,38378.04,Kolkata,22.5726,88.3639
2023-10-23,65,25.6,30.4,23.0,9.5,9.5,5.0,15.0,32.4,58,2023-10-23T05:36,2023-10-23T17:05,22904.46,Kolkata,22.5726,88.3639
2023-10-24,3,25.6,28.9,23.3,0.0,0.0,0.0,19.6,37.1,36,2023-10-24T05:36,2023-10-24T17:04,11105.38,Kolkata,22.5726,88.3639
2023-10-25,51,26.6,31.0,22.4,0.2,0.2,2.0,12.9,27.7,324,2023-10-25T05:37,2023-10-25T17:04,38135.25,Kolkata,22.5726,88.3639
2023-10-26,51,26.4,31.1,22.4,0.2,0.2,1.0,8.4,20.2,354,2023-10-26T05:37,2023-10-26T17:03,37382.31,Kolkata,22.5726,88.3639
2023-10-27,53,25.7,30.7,22.3,1.3,1.3,2.0,15.5,36.0,8,2023-10-27T05:38,2023-10-27T17:02,23690.49,Kolkata,22.5726,88.3639
2023-10-28,51,25.8,30.0,21.7,0.3,0.3,3.0,7.6,18.4,13,2023-10-28T05:38,2023-10-28T17:02,38455.66,Kolkata,22.5726,88.3639
2023-10-29,3,25.2,30.5,19.7,0.0,0.0,0.0,9.3,22.0,357,2023-10-29T05:39,2023-10-29T17:01,38736.45,Kolkata,22.5726,88.3639
2023-10-30,1,25.9,30.7,19.7,0.0,0.0,0.0,8.3,19.4,21,2023-10-30T05:39,2023-10-30T17:00,37980.9,Kolkata,22.5726,88.3639
2023-10-31,1,26.3,31.2,20.8,0.0,0.0,0.0,7.5,19.1,19,2023-10-31T05:40,2023-10-31T17:00,38262.39,Kolkata,22.5726,88.3639
2023-11-01,3,27.3,32.1,22.1,0.0,0.0,0.0,8.2,16.9,3,2023-11-01T05:40,2023-11-01T16:59,37764.27,Kolkata,22.5726,88.3639
2023-11-02,1,27.4,31.9,23.4,0.0,0.0,0.0,7.2,17.6,359,2023-11-02T05:41,2023-11-02T16:58,37264.68,Kolkata,22.5726,88.3639
2023-11-03,55,26.6,30.2,23.7,1.7,1.7,6.0,9.7,25.6,16,2023-11-03T05:42,2023-11-03T16:58,36000.0,Kolkata,22.5726,88.3639
2023-11-04,63,25.3,30.7,22.4,3.5,3.5,3.0,12.1,34.6,7,2023-11-04T05:42,2023-11-04T16:57,36784.11,Kolkata,22.5726,88.3639
2023-11-05,61,25.3,30.1,22.1,4.6,4.6,4.0,8.0,32.8,354,2023-11-05T05:43,2023-11-05T16:57,35336.48,Kolkata,22.5726,88.3639
2023-11-06,3,25.4,31.2,21.5,0.0,0.0,0.0,12.9,27.7,5,2023-11-06T05:43,2023-11-06T16:56,37088.48,Kolkata,22.5726,88.3639
2023-11-07,3,24.6,30.6,19.2,0.0,0.0,0.0,11.4,24.1,335,2023-11-07T05:44,2023-11-07T16:56,36847.12,Kolkata,22.5726,88.3639
2023-11-08,1,24.4,30.3,18.8,0.0,0.0,0.0,10.8,23.0,334,2023-11-08T05:44,2023-11-08T16:55,37395.52,Kolkata,22.5726,88.3639
2023-11-09,1,25.3,30.5,18.4,0.0,0.0,0.0,9.0,20.5,342,2023-11-09T05:45,2023-11-09T16:55,37154.04,Kolkata,22.5726,88.3639
2023-11-10,3,25.1,30.5,18.3,0.0,0.0,0.0,12.5,26.3,17,2023-11-10T05:46,2023-11-10T16:54,37176.2,Kolkata,22.5726,88.3639
2023-11-11,3,24.7,30.5,19.2,0.0,0.0,0.0,10.6,24.5,5,2023-11-11T05:46,2023-11-11T16:54,36933.62,Kolkata,22.5726,88.3639
2023-11-12,3,24.8,30.7,19.8,0.0,0.0,0.0,12.3,26.3,7,2023-11-12T05:47,2023-11-12T16:54,36955.55,Kolkata,22.5726,88.3639
2023-11-13,3,24.4,30.3,19.5,0.0,0.0,0.0,13.1,27.4,4,2023-11-13T05:47,2023-11-13T16:53,36977.58,Kolkata,22.5726,88.3639
2023-11-14,3,24.0,30.2,19.2,0.0,0.0,0.0,11.3,25.2,358,2023-11-14T05:48,2023-11-14T16:53,36200.94,Kolkata,22.5726,88.3639
2023-11-15,3,24.9,30.3,19.9,0.0,0.0,0.0,13.2,28.4,15,2023-11-15T05:49,2023-11-15T16:53,33900.01,Kolkata,22.5726,88.3639
2023-11-16,63,24.0,27.5,22.7,13.1,13.1,6.0,15.5,27.7,42,2023-11-16T05:49,2023-11-16T16:52,0.0,Kolkata,22.5726,88.3639
2023-11-17,55,24.9,29.8,20.7,1.6,1.6,3.0,29.2,55.1,30,2023-11-17T05:50,2023-11-17T16:52,33168.66,Kolkata,22.5726,88.3639
2023-11-18,3,23.5,28.9,18.8,0.0,0.0,0.0,9.2,22.7,37,2023-11-18T05:51,2023-11-18T16:52,35520.82,Kolkata,22.5726,88.3639
2023-11-19,2,23.9,29.4,19.4,0.0,0.0,0.0,11.2,24.8,28,2023-11-19T05:51,2023-11-19T16:52,36040.45,Kolkata,22.5726,88.3639
2023-11-20,3,24.0,29.5,18.8,0.0,0.0,0.0,9.6,22.7,19,2023-11-20T05:52,2023-11-20T16:51,36331.2,Kolkata,22.5726,88.3639
2023-11-21,3,24.6,29.9,20.7,0.0,0.0,0.0,9.8,23.0,326,2023-11-21T05:53,2023-11-21T16:51,34029.87,Kolkata,22.5726,88.3639
2023-11-22,0,23.0,28.9,18.2,0.0,0.0,0.0,9.6,22.0,324,2023-11-22T05:53,2023-11-22T16:51,36106.51,Kolkata,22.5726,88.3639
2023-11-23,0,22.1,28.0,16.7,0.0,0.0,0.0,10.2,24.1,4,2023-11-23T05:54,2023-11-23T16:51,36128.73,Kolkata,22.5726,88.3639
2023-11-24,1,23.1,28.3,16.6,0.0,0.0,0.0,9.9,23.0,348,2023-11-24T05:55,2023-11-24T16:51,36150.97,Kolkata,22.5726,88.3639
2023-11-25,2,22.6,28.7,17.9,0.0,0.0,0.0,12.1,26.3,7,2023-11-25T05:55,2023-11-25T16:51,36000.0,Kolkata,22.5726,88.3639
2023-11-26,1,22.8,28.7,18.1,0.0,0.0,0.0,12.4,27.0,8,2023-11-26T05:56,2023-11-26T16:51,36000.0,Kolkata,22.5726,88.3639
2023-11-27,3,23.1,28.8,16.6,0.0,0.0,0.0,7.9,14.8,0,2023-11-27T05:57,2023-11-27T16:51,35501.73,Kolkata,22.5726,88.3639
2023-11-28,3,23.7,29.3,18.2,0.0,0.0,0.0,9.8,17.6,309,2023-11-28T05:57,2023-11-28T16:51,36000.0,Kolkata,22.5726,88.3639
2023-11-29,3,23.8,29.6,18.9,0.0,0.0,0.0,9.1,16.9,290,2023-11-29T05:58,2023-11-29T16:51,36000.0,Kolkata,22.5726,88.3639
2023-11-30,3,23.8,29.6,19.7,0.0,0.0,0.0,9.7,23.0,27,2023-11-30T05:59,2023-11-30T16:51,36000.0,Kolkata,22.5726,88.3639
2023-12-01,3,24.0,30.2,19.1,0.0,0.0,0.0,14.1,29.9,24,2023-12-01T05:59,2023-12-01T16:51,36000.0,Kolkata,22.5726,88.3639
2023-12-02,3,24.0,29.8,19.8,0.0,0.0,0.0,12.6,24.5,33,2023-12-02T06:00,2023-12-02T16:51,36000.0,Kolkata,22.5726,88.3639
2023-12-03,3,24.4,30.1,19.4,0.0,0.0,0.0,10.6,24.5,26,2023-12-03T06:01,2023-12-03T16:51,34970.35,Kolkata,22.5726,88.3639
2023-12-04,3,24.0,27.7,20.4,0.0,0.0,0.0,12.3,27.0,40,2023-12-04T06:01,2023-12-04T16:51,7361.61,Kolkata,22.5726,88.3639
2023-12-05,3,23.6,25.6,21.9,0.0,0.0,0.0,14.4,28.4,21,2023-12-05T06:02,2023-12-05T16:51,150.94,Kolkata,22.5726,88.3639
2023-12-06,53,23.3,27.7,20.6,1.7,1.7,6.0,15.8,32.0,29,2023-12-06T06:02,2023-12-06T16:51,22635.73,Kolkata,22.5726,88.3639
2023-12-07,63,20.1,21.7,18.8,22.3,22.3,16.0,16.7,29.5,31,2023-12-07T06:03,2023-12-07T16:52,3477.28,Kolkata,22.5726,88.3639
2023-12-08,3,20.9,25.2,18.0,0.0,0.0,0.0,13.4,25.9,332,2023-12-08T06:04,2023-12-08T16:52,21303.28,Kolkata,22.5726,88.3639
2023-12-09,2,20.6,26.2,16.7,0.0,0.0,0.0,12.7,27.0,336,2023-12-09T06:04,2023-12-09T16:52,36000.0,Kolkata,22.5726,88.3639
2023-12-10,0,19.3,25.7,14.9,0.0,0.0,0.0,12.0,24.1,317,2023-12-10T06:05,2023-12-10T16:52,36000.0,Kolkata,22.5726,88.3639
2023-12-11,0,18.4,24.9,13.2,0.0,0.0,0.0,14.0,28.4,341,2023-12-11T06:06,2023-12-11T16:53,36000.0,Kolkata,22.5726,88.3639
2023-12-12,2,18.3,24.6,13.2,0.0,0.0,0.0,8.8,20.9,318,2023-12-12T06:06,2023-12-12T16:53,36000.0,Kolkata,22.5726,88.3639
2023-12-13,3,18.7,25.1,13.5,0.0,0.0,0.0,9.9,19.8,309,2023-12-13T06:07,2023-12-13T16:53,36000.0,Kolkata,22.5726,88.3639
2023-12-14,3,18.5,25.2,12.8,0.0,0.0,0.0,9.6,19.4,334,2023-12-14T06:08,2023-12-14T16:54,36000.0,Kolkata,22.5726,88.3639
2023-12-15,0,17.8,24.3,12.5,0.0,0.0,0.0,12.9,27.7,353,2023-12-15T06:08,2023-12-15T16:54,36000.0,Kolkata,22.5726,88.3639
2023-12-16,0,18.1,24.7,12.4,0.0,0.0,0.0,10.4,23.4,338,2023-12-16T06:09,2023-12-16T16:54,36000.0,Kolkata,22.5726,88.3639
2023-12-17,3,17.7,24.7,11.7,0.0,0.0,0.0,9.7,20.5,332,2023-12-17T06:09,2023-12-17T16:55,36000.0,Kolkata,22.5726,88.3639
2023-12-18,3,17.7,24.7,12.1,0.0,0.0,0.0,10.3,22.7,330,2023-12-18T06:10,2023-12-18T16:55,36000.0,Kolkata,22.5726,88.3639
2023-12-19,3,17.6,24.1,13.4,0.0,0.0,0.0,10.5,22.0,336,2023-12-19T06:11,2023-12-19T16:56,36000.0,Kolkata,22.5726,88.3639
2023-12-20,3,18.0,24.7,13.2,0.0,0.0,0.0,11.4,25.2,338,2023-12-20T06:11,2023-12-20T16:56,36000.0,Kolkata,22.5726,88.3639
2023-12-21,3,18.3,24.5,13.5,0.0,0.0,0.0,9.3,22.7,338,2023-12-21T06:12,2023-12-21T16:57,36000.0,Kolkata,22.5726,88.3639
2023-12-22,3,19.4,25.7,14.0,0.0,0.0,0.0,8.7,17.3,356,2023-12-22T06:12,2023-12-22T16:57,36000.0,Kolkata,22.5726,88.3639
2023-12-23,3,20.0,26.3,14.5,0.0,0.0,0.0,8.4,19.4,13,2023-12-23T06:13,2023-12-23T16:58,29065.27,Kolkata,22.5726,88.3639
2023-12-24,3,19.6,25.4,15.2,0.0,0.0,0.0,9.2,21.6,338,2023-12-24T06:13,2023-12-24T16:58,30402.52,Kolkata,22.5726,88.3639
2023-12-25,0,20.4,25.9,14.7,0.0,0.0,0.0,8.6,19.4,1,2023-12-25T06:13,2023-12-25T16:59,36000.0,Kolkata,22.5726,88.3639
2023-12-26,1,20.1,26.5,14.4,0.0,0.0,0.0,9.4,20.9,354,2023-12-26T06:14,2023-12-26T16:59,36000.0,Kolkata,22.5726,88.3639
2023-12-27,3,20.5,26.6,14.8,0.0,0.0,0.0,10.0,21.6,357,2023-12-27T06:14,2023-12-27T17:00,36000.0,Kolkata,22.5726,88.3639
2023-12-28,1,20.2,26.6,15.4,0.0,0.0,0.0,9.3,21.2,358,2023-12-28T06:15,2023-12-28T17:00,36000.0,Kolkata,22.5726,88.3639
2023-12-29,0,20.0,26.7,14.8,0.0,0.0,0.0,12.2,24.8,355,2023-12-29T06:15,2023-12-29T17:01,36000.0,Kolkata,22.5726,88.3639
2023-12-30,0,19.8,26.5,15.3,0.0,0.0,0.0,13.1,27.4,342,2023-12-30T06:15,2023-12-30T17:01,36000.0,Kolkata,22.5726,88.3639
2023-12-31,3,19.1,25.8,15.0,0.0,0.0,0.0,11.2,25.6,359,2023-12-31T06:16,2023-12-31T17:02,36000.0,Kolkata,22.5726,88.3639
2024-01-01,0,18.8,25.1,14.7,0.0,0.0,0.0,10.8,24.1,1,2024-01-01T06:16,2024-01-01T17:03,36000.0,Kolkata,22.5726,88.3639
2024-01-02,0,17.3,23.5,13.5,0.0,0.0,0.0,9.8,22.3,356,2024-01-02T06:16,2024-01-02T17:03,36000.0,Kolkata,22.5726,88.3639
2024-01-03,0,17.7,24.5,12.5,0.0,0.0,0.0,9.8,23.8,12,2024-01-03T06:17,2024-01-03T17:04,36000.0,Kolkata,22.5726,88.3639
2024-01-04,3,18.7,25.4,12.8,0.0,0.0,0.0,9.2,20.2,27,2024-01-04T06:17,2024-01-04T17:05,28800.0,Kolkata,22.5726,88.3639
2024-01-05,0,19.5,25.8,13.7,0.0,0.0,0.0,8.8,20.9,24,2024-01-05T06:17,2024-01-05T17:05,36000.0,Kolkata,22.5726,88.3639
2024-01-06,3,19.7,26.7,14.5,0.0,0.0,0.0,10.9,22.7,24,2024-01-06T06:18,2024-01-06T17:06,36000.0,Kolkata,22.5726,88.3639
2024-01-07,1,19.9,26.2,15.5,0.0,0.0,0.0,10.5,24.5,5,2024-01-07T06:18,2024-01-07T17:07,36000.0,Kolkata,22.5726,88.3639
2024-01-08,0,19.4,25.9,15.5,0.0,0.0,0.0,12.7,28.4,359,2024-01-08T06:18,2024-01-08T17:07,36000.0,Kolkata,22.5726,88.3639
2024-01-09,0,18.9,25.4,14.3,0.0,0.0,0.0,10.1,24.1,14,2024-01-09T06:18,2024-01-09T17:08,36058.28,Kolkata,22.5726,88.3639
2024-01-10,3,19.6,26.1,13.6,0.0,0.0,0.0,7.9,16.9,32,2024-01-10T06:18,2024-01-10T17:09,29107.02,Kolkata,22.5726,88.3639
2024-01-11,0,19.1,25.2,14.3,0.0,0.0,0.0,11.8,25.6,1,2024-01-11T06:18,2024-01-11T17:09,36289.05,Kolkata,22.5726,88.3639
2024-01-12,0,16.6,23.2,11.6,0.0,0.0,0.0,14.8,31.0,349,2024-01-12T06:18,2024-01-12T17:10,36541.06,Kolkata,22.5726,88.3639
2024-01-13,0,16.2,22.7,10.5,0.0,0.0,0.0,11.2,26.3,350,2024-01-13T06:19,2024-01-13T17:11,36518.92,Kolkata,22.5726,88.3639
2024-01-14,0,15.7,22.4,10.4,0.0,0.0,0.0,9.6,22.0,351,2024-01-14T06:19,2024-01-14T17:12,36496.48,Kolkata,22.5726,88.3639
2024-01-15,1,15.4,22.2,10.3,0.0,0.0,0.0,9.7,22.0,3,2024-01-15T06:19,2024-01-15T17:12,33763.61,Kolkata,22.5726,88.3639
2024-01-16,2,16.5,22.7,11.3,0.0,0.0,0.0,9.4,20.2,40,2024-01-16T06:19,2024-01-16T17:13,36196.23,Kolkata,22.5726,88.3639
2024-01-17,2,17.6,24.0,11.6,0.0,0.0,0.0,10.1,19.4,75,2024-01-17T06:19,2024-01-17T17:14,35687.47,Kolkata,22.5726,88.3639
2024-01-18,63,17.2,19.6,15.5,15.9,15.9,14.0,12.6,25.6,79,2024-01-18T06:19,2024-01-18T17:14,9889.35,Kolkata,22.5726,88.3639
2024-01-19,51,18.2,23.2,14.9,0.1,0.1,1.0,9.9,22.3,8,2024-01-19T06:18,2024-01-19T17:15,28394.6,Kolkata,22.5726,88.3639
2024-01-20,3,17.5,22.9,13.2,0.0,0.0,0.0,7.6,20.9,4,2024-01-20T06:18,2024-01-20T17:16,36627.09,Kolkata,22.5726,88.3639
2024-01-21,51,17.3,20.5,14.4,0.6,0.6,3.0,8.7,15.1,129,2024-01-21T06:18,2024-01-21T17:16,15126.14,Kolkata,22.5726,88.3639
2024-01-22,3,15.5,21.6,11.3,0.0,0.0,0.0,11.5,26.3,1,2024-01-22T06:18,2024-01-22T17:17,37388.62,Kolkata,22.5726,88.3639
2024-01-23,3,16.4,22.8,10.5,0.0,0.0,0.0,10.1,20.2,22,2024-01-23T06:18,2024-01-23T17:18,37093.18,Kolkata,22.5726,88.3639
2024-01-24,63,17.7,21.5,14.7,8.8,8.8,7.0,9.1,21.6,82,2024-01-24T06:18,2024-01-24T17:19,15615.9,Kolkata,22.5726,88.3639
2024-01-25,3,17.5,22.7,13.3,0.0,0.0,0.0,7.9,20.5,358,2024-01-25T06:18,2024-01-25T17:19,30686.08,Kolkata,22.5726,88.3639
2024-01-26,3,17.2,23.1,12.3,0.0,0.0,0.0,12.7,26.3,349,2024-01-26T06:17,2024-01-26T17:20,37822.49,Kolkata,22.5726,88.3639
2024-01-27,3,16.2,23.0,11.4,0.0,0.0,0.0,12.4,25.9,357,2024-01-27T06:17,2024-01-27T17:21,31638.82,Kolkata,22.5726,88.3639
2024-01-28,3,16.6,23.6,10.2,0.0,0.0,0.0,10.1,16.6,23,2024-01-28T06:17,2024-01-28T17:21,37769.86,Kolkata,22.5726,88.3639
2024-01-29,3,18.0,24.8,11.7,0.0,0.0,0.0,8.8,14.8,112,2024-01-29T06:17,2024-01-29T17:22,37743.84,Kolkata,22.5726,88.3639
2024-01-30,53,19.6,26.8,13.4,1.2,1.2,4.0,11.8,25.2,150,2024-01-30T06:16,2024-01-30T17:23,36918.53,Kolkata,22.5726,88.3639
2024-01-31,65,20.2,25.6,17.6,17.7,17.7,12.0,12.4,26.6,146,2024-01-31T06:16,2024-01-31T17:23,20685.7,Kolkata,22.5726,88.3639
2024-02-01,63,20.4,25.1,16.9,7.5,7.5,10.0,10.5,27.7,193,2024-02-01T06:16,2024-02-01T17:24,24864.81,Kolkata,22.5726,88.3639
2024-02-02,55,20.7,26.7,17.2,1.2,1.2,3.0,9.4,20.5,214,2024-02-02T06:15,2024-02-02T17:25,30687.35,Kolkata,22.5726,88.3639
2024-02-03,0,20.3,26.0,16.4,0.0,0.0,0.0,12.0,28.1,271,2024-02-03T06:15,2024-02-03T17:25,38941.36,Kolkata,22.5726,88.3639
2024-02-04,0,19.8,26.6,13.8,0.0,0.0,0.0,10.7,24.5,280,2024-02-04T06:14,2024-02-04T17:26,38914.44,Kolkata,22.5726,88.3639
2024-02-05,3,21.0,27.2,15.4,0.0,0.0,0.0,9.3,16.9,274,2024-02-05T06:14,2024-02-05T17:26,38623.87,Kolkata,22.5726,88.3639
2024-02-06,51,22.9,28.3,18.7,1.4,1.4,7.0,12.2,29.9,224,2024-02-06T06:14,2024-02-06T17:27,26217.96,Kolkata,22.5726,88.3639
2024-02-07,3,21.4,26.0,18.3,0.0,0.0,0.0,13.0,27.4,354,2024-02-07T06:13,2024-02-07T17:28,39097.23,Kolkata,22.5726,88.3639
2024-02-08,3,19.3,24.8,15.1,0.0,0.0,0.0,11.3,25.9,351,2024-02-08T06:13,2024-02-08T17:28,38808.09,Kolkata,22.5726,88.3639
2024-02-09,3,18.0,23.4,13.4,0.0,0.0,0.0,13.1,25.9,353,2024-02-09T06:12,2024-02-09T17:29,39340.14,Kolkata,22.5726,88.3639
2024-02-10,0,18.4,24.8,12.4,0.0,0.0,0.0,12.6,28.1,348,2024-02-10T06:11,2024-02-10T17:30,39376.23,Kolkata,22.5726,88.3639
2024-02-11,3,20.0,26.9,12.4,0.0,0.0,0.0,11.2,20.5,9,2024-02-11T06:11,2024-02-11T17:30,39411.92,Kolkata,22.5726,88.3639
2024-02-12,3,21.2,27.7,15.0,0.0,0.0,0.0,9.2,16.6,68,2024-02-12T06:10,2024-02-12T17:31,36993.0,Kolkata,22.5726,88.3639
2024-02-13,3,22.4,29.2,17.3,0.0,0.0,0.0,8.8,17.6,112,2024-02-13T06:10,2024-02-13T17:31,39200.2,Kolkata,22.5726,88.3639
2024-02-14,3,22.1,28.6,16.6,0.0,0.0,0.0,8.4,16.9,92,2024-02-14T06:09,2024-02-14T17:32,36910.04,Kolkata,22.5726,88.3639
2024-02-15,3,22.3,28.1,17.2,0.0,0.0,0.0,22.9,41.8,2,2024-02-15T06:08,2024-02-15T17:32,39284.37,Kolkata,22.5726,88.3639
2024-02-16,1,22.8,28.9,17.7,0.0,0.0,0.0,11.0,27.7,2,2024-02-16T06:08,2024-02-16T17:33,39584.17,Kolkata,22.5726,88.3639
2024-02-17,0,21.4,28.1,15.1,0.0,0.0,0.0,10.0,23.0,339,2024-02-17T06:07,2024-02-17T17:33,39600.0,Kolkata,22.5726,88.3639
2024-02-18,51,22.6,29.4,16.4,0.3,0.3,2.0,9.4,20.9,234,2024-02-18T06:07,2024-02-18T17:34,39600.0,Kolkata,22.5726,88.3639
2024-02-19,51,24.1,30.1,19.2,0.3,0.3,3.0,12.1,22.3,195,2024-02-19T06:06,2024-02-19T17:35,30501.22,Kolkata,22.5726,88.3639
2024-02-20,53,25.3,31.7,21.6,0.9,0.9,2.0,15.7,32.8,188,2024-02-20T06:05,2024-02-20T17:35,36040.92,Kolkata,22.5726,88.3639
2024-02-21,3,25.1,32.9,20.7,0.0,0.0,0.0,10.8,21.6,159,2024-02-21T06:04,2024-02-21T17:36,39245.31,Kolkata,22.5726,88.3639
2024-02-22,61,24.8,30.0,21.1,3.5,3.5,8.0,14.0,30.6,173,2024-02-22T06:04,2024-02-22T17:36,38638.71,Kolkata,22.5726,88.3639
2024-02-23,51,23.2,28.8,19.5,0.2,0.2,2.0,17.3,32.4,36,2024-02-23T06:03,2024-02-23T17:37,37646.8,Kolkata,22.5726,88.3639
2024-02-24,3,22.9,28.0,17.7,0.0,0.0,0.0,15.0,31.3,50,2024-02-24T06:02,2024-02-24T17:37,31829.87,Kolkata,22.5726,88.3639
2024-02-25,63,21.1,24.9,18.4,3.6,3.6,4.0,18.9,33.8,48,2024-02-25T06:02,2024-02-25T17:38,22298.66,Kolkata,22.5726,88.3639
2024-02-26,3,22.3,28.5,17.5,0.0,0.0,0.0,11.4,24.5,34,2024-02-26T06:01,2024-02-26T17:38,39600.0,Kolkata,22.5726,88.3639
2024-02-27,3,22.9,29.0,18.0,0.0,0.0,0.0,7.7,19.4,36,2024-02-27T06:00,2024-02-27T17:39,35283.02,Kolkata,22.5726,88.3639
2024-02-28,51,23.7,29.4,18.5,0.1,0.1,1.0,11.7,25.6,290,2024-02-28T05:59,2024-02-28T17:39,38674.41,Kolkata,22.5726,88.3639
2024-02-29,0,23.9,30.0,18.7,0.0,0.0,0.0,9.4,23.0,356,2024-02-29T05:58,2024-02-29T17:39,39600.0,Kolkata,22.5726,88.3639
2024-03-01,0,23.8,30.4,17.7,0.0,0.0,0.0,10.9,18.4,24,2024-03-01T05:57,2024-03-01T17:40,39600.0,Kolkata,22.5726,88.3639
2024-03-02,0,25.0,30.8,18.0,0.0,0.0,0.0,6.9,15.5,253,2024-03-02T05:57,2024-03-02T17:40,39600.0,Kolkata,22.5726,88.3639
2024-03-03,51,25.6,31.5,20.8,0.3,0.3,1.0,7.5,18.0,242,2024-03-03T05:56,2024-03-03T17:41,31560.09,Kolkata,22.5726,88.3639
2024-03-04,51,25.2,31.4,20.1,1.1,1.1,4.0,16.3,30.6,108,2024-03-04T05:55,2024-03-04T17:41,32133.5,Kolkata,22.5726,88.3639
2024-03-05,2,25.5,31.3,21.0,0.0,0.0,0.0,11.6,25.9,322,2024-03-05T05:54,2024-03-05T17:42,39600.0,Kolkata,22.5726,88.3639
2024-03-06,0,23.7,29.7,18.9,0.0,0.0,0.0,12.1,27.0,10,2024-03-06T05:53,2024-03-06T17:42,39600.0,Kolkata,22.5726,88.3639
2024-03-07,51,23.7,28.8,19.2,0.1,0.1,1.0,10.6,25.6,13,2024-03-07T05:52,2024-03-07T17:42,39600.0,Kolkata,22.5726,88.3639
2024-03-08,3,24.1,30.6,18.9,0.0,0.0,0.0,12.6,28.1,5,2024-03-08T05:51,2024-03-08T17:43,39600.0,Kolkata,22.5726,88.3639
2024-03-09,0,23.3,30.2,15.7,0.0,0.0,0.0,12.0,26.6,347,2024-03-09T05:50,2024-03-09T17:43,39783.5,Kolkata,22.5726,88.3639
2024-03-10,0,23.2,30.2,17.1,0.0,0.0,0.0,10.5,24.1,8,2024-03-10T05:49,2024-03-10T17:44,39755.61,Kolkata,22.5726,88.3639
2024-03-11,0,24.3,31.8,15.4,0.0,0.0,0.0,11.4,19.1,278,2024-03-11T05:49,2024-03-11T17:44,39977.52,Kolkata,22.5726,88.3639
2024-03-12,3,27.0,33.4,21.7,0.0,0.0,0.0,15.3,28.1,205,2024-03-12T05:48,2024-03-12T17:44,39700.11,Kolkata,22.5726,88.3639
2024-03-13,61,27.6,33.6,22.7,3.5,3.5,5.0,21.2,41.4,188,2024-03-13T05:47,2024-03-13T17:45,32400.0,Kolkata,22.5726,88.3639
2024-03-14,63,26.2,32.1,22.6,5.7,5.7,7.0,28.3,51.8,182,2024-03-14T05:46,2024-03-14T17:45,32400.0,Kolkata,22.5726,88.3639
2024-03-15,63,26.8,33.4,23.2,4.3,4.3,3.0,24.5,43.9,141,2024-03-15T05:45,2024-03-15T17:46,28892.07,Kolkata,22.5726,88.3639
2024-03-16,51,27.0,32.1,24.2,0.6,0.6,3.0,15.1,27.4,193,2024-03-16T05:44,2024-03-16T17:46,35406.02,Kolkata,22.5726,88.3639
2024-03-17,3,26.1,31.7,22.0,0.0,0.0,0.0,9.4,21.6,224,2024-03-17T05:43,2024-03-17T17:46,35997.12,Kolkata,22.5726,88.3639
2024-03-18,65,25.7,29.5,22.7,11.7,11.7,3.0,15.5,31.7,254,2024-03-18T05:42,2024-03-18T17:47,31520.22,Kolkata,22.5726,88.3639
2024-03-19,61,25.7,30.3,22.6,2.3,2.3,2.0,27.3,39.2,287,2024-03-19T05:41,2024-03-19T17:47,26959.46,Kolkata,22.5726,88.3639
2024-03-20,61,21.2,23.6,18.5,13.2,13.2,14.0,10.6,52.9,148,2024-03-20T05:40,2024-03-20T17:47,2647.88,Kolkata,22.5726,88.3639
2024-03-21,63,21.2,26.3,18.5,3.3,3.3,5.0,8.1,37.1,162,2024-03-21T05:39,2024-03-21T17:48,30223.54,Kolkata,22.5726,88.3639
2024-03-22,1,22.9,28.2,17.2,0.0,0.0,0.0,8.0,19.1,4,2024-03-22T05:38,2024-03-22T17:48,40660.78,Kolkata,22.5726,88.3639
2024-03-23,63,25.2,32.1,19.9,3.8,3.8,2.0,21.7,45.4,174,2024-03-23T05:37,2024-03-23T17:48,39176.12,Kolkata,22.5726,88.3639
2024-03-24,3,27.9,34.0,23.6,0.0,0.0,0.0,18.2,35.6,205,2024-03-24T05:36,2024-03-24T17:49,40633.02,Kolkata,22.5726,88.3639
2024-03-25,53,26.9,33.1,22.3,0.8,0.8,3.0,16.9,37.1,162,2024-03-25T05:35,2024-03-25T17:49,26601.18,Kolkata,22.5726,88.3639
2024-03-26,51,27.2,32.5,23.8,0.2,0.2,1.0,11.1,24.1,177,2024-03-26T05:34,2024-03-26T17:50,38191.64,Kolkata,22.5726,88.3639
2024-03-27,61,28.1,35.2,23.1,2.4,2.4,1.0,18.0,33.8,178,2024-03-27T05:33,2024-03-27T17:50,41763.67,Kolkata,22.5726,88.3639
2024-03-28,51,28.0,34.5,23.0,0.1,0.1,1.0,16.5,36.0,185,2024-03-28T05:32,2024-03-28T17:50,36141.06,Kolkata,22.5726,88.3639
2024-03-29,53,28.7,35.2,24.6,0.8,0.8,2.0,15.8,29.5,160,2024-03-29T05:31,2024-03-29T17:51,37049.78,Kolkata,22.5726,88.3639
2024-03-30,51,29.5,36.1,25.1,0.2,0.2,1.0,21.8,39.6,185,2024-03-30T05:31,2024-03-30T17:51,39778.47,Kolkata,22.5726,88.3639
2024-03-31,63,28.9,35.4,25.5,7.3,7.3,1.0,20.1,51.1,190,2024-03-31T05:30,2024-03-31T17:51,37556.15,Kolkata,22.5726,88.3639
2024-04-01,2,30.6,37.0,25.5,0.0,0.0,0.0,15.0,27.0,221,2024-04-01T05:29,2024-04-01T17:52,42878.67,Kolkata,22.5726,88.3639
2024-04-02,2,30.3,36.3,24.8,0.0,0.0,0.0,13.3,23.4,144,2024-04-02T05:28,2024-04-02T17:52,43089.89,Kolkata,22.5726,88.3639
2024-04-03,3,30.4,36.8,25.0,0.0,0.0,0.0,17.0,29.5,191,2024-04-03T05:27,2024-04-03T17:52,36343.08,Kolkata,22.5726,88.3639
2024-04-04,65,29.9,36.7,26.3,15.6,15.6,2.0,21.4,37.1,189,2024-04-04T05:26,2024-04-04T17:53,36153.22,Kolkata,22.5726,88.3639
2024-04-05,3,31.6,38.3,26.5,0.0,0.0,0.0,17.5,33.1,196,2024-04-05T05:25,2024-04-05T17:53,39744.81,Kolkata,22.5726,88.3639
2024-04-06,61,30.9,37.7,26.4,3.3,3.3,2.0,20.6,41.8,174,2024-04-06T05:24,2024-04-06T17:53,37366.66,Kolkata,22.5726,88.3639
2024-04-07,61,30.4,36.3,26.3,2.5,2.5,3.0,19.6,40.7,216,2024-04-07T05:23,2024-04-07T17:54,34498.85,Kolkata,22.5726,88.3639
2024-04-08,51,27.1,32.0,22.9,0.1,0.1,1.0,21.4,43.9,274,2024-04-08T05:22,2024-04-08T17:54,13028.09,Kolkata,22.5726,88.3639
2024-04-09,3,28.1,34.7,21.7,0.0,0.0,0.0,12.0,25.2,227,2024-04-09T05:21,2024-04-09T17:55,37607.87,Kolkata,22.5726,88.3639
2024-04-10,3,29.0,35.7,22.5,0.0,0.0,0.0,12.7,23.4,237,2024-04-10T05:20,2024-04-10T17:55,39320.36,Kolkata,22.5726,88.3639
2024-04-11,51,27.2,32.8,23.7,0.8,0.8,3.0,17.3,40.3,237,2024-04-11T05:20,2024-04-11T17:55,11312.51,Kolkata,22.5726,88.3639
2024-04-12,3,28.7,34.9,22.5,0.0,0.0,0.0,9.0,17.6,215,2024-04-12T05:19,2024-04-12T17:56,32898.38,Kolkata,22.5726,88.3639
2024-04-13,3,29.7,36.6,23.1,0.0,0.0,0.0,9.0,16.6,177,2024-04-13T05:18,2024-04-13T17:56,43200.0,Kolkata,22.5726,88.3639
2024-04-14,3,30.0,36.6,24.1,0.0,0.0,0.0,9.7,22.3,199,2024-04-14T05:17,2024-04-14T17:56,41874.49,Kolkata,22.5726,88.3639
2024-04-15,3,31.3,38.5,24.6,0.0,0.0,0.0,14.2,25.6,199,2024-04-15T05:16,2024-04-15T17:57,43200.0,Kolkata,22.5726,88.3639
2024-04-16,1,32.3,38.9,26.6,0.0,0.0,0.0,14.9,25.2,209,2024-04-16T05:15,2024-04-16T17:57,43200.0,Kolkata,22.5726,88.3639
2024-04-17,1,32.4,38.7,27.5,0.0,0.0,0.0,10.8,22.7,209,2024-04-17T05:14,2024-04-17T17:57,42913.74,Kolkata,22.5726,88.3639
2024-04-18,3,32.0,38.7,25.7,0.0,0.0,0.0,13.9,27.0,266,2024-04-18T05:13,2024-04-18T17:58,43200.0,Kolkata,22.5726,88.3639
2024-04-19,2,32.2,40.8,25.3,0.0,0.0,0.0,22.4,47.9,220,2024-04-19T05:13,2024-04-19T17:58,43200.0,Kolkata,22.5726,88.3639
2024-04-20,1,32.9,41.7,26.3,0.0,0.0,0.0,22.4,45.0,210,2024-04-20T05:12,2024-04-20T17:59,43200.0,Kolkata,22.5726,88.3639
2024-04-21,2,33.6,41.2,27.2,0.0,0.0,0.0,22.1,39.2,206,2024-04-21T05:11,2024-04-21T17:59,43200.0,Kolkata,22.5726,88.3639
2024-04-22,3,33.4,40.0,27.7,0.0,0.0,0.0,15.0,27.7,277,2024-04-22T05:10,2024-04-22T17:59,34660.63,Kolkata,22.5726,88.3639
2024-04-23,3,32.5,38.7,26.7,0.0,0.0,0.0,16.2,32.0,256,2024-04-23T05:09,2024-04-23T18:00,42423.81,Kolkata,22.5726,88.3639
2024-04-24,1,33.3,39.9,27.3,0.0,0.0,0.0,16.2,29.9,223,2024-04-24T05:09,2024-04-24T18:00,43200.0,Kolkata,22.5726,88.3639
2024-04-25,0,33.0,40.4,25.7,0.0,0.0,0.0,16.1,28.1,239,2024-04-25T05:08,2024-04-25T18:01,43200.0,Kolkata,22.5726,88.3639
2024-04-26,1,33.0,41.0,27.5,0.0,0.0,0.0,20.2,36.0,193,2024-04-26T05:07,2024-04-26T18:01,43200.0,Kolkata,22.5726,88.3639
2024-04-27,1,33.6,40.8,28.0,0.0,0.0,0.0,17.7,31.0,205,2024-04-27T05:07,2024-04-27T18:02,43200.0,Kolkata,22.5726,88.3639
2024-04-28,61,33.8,40.4,28.3,1.6,1.6,1.0,17.6,33.8,215,2024-04-28T05:06,2024-04-28T18:02,42141.85,Kolkata,22.5726,88.3639
2024-04-29,1,34.3,41.6,28.6,0.0,0.0,0.0,21.0,38.9,220,2024-04-29T05:05,2024-04-29T18:02,43200.0,Kolkata,22.5726,88.3639
2024-04-30,1,35.2,43.9,29.3,0.0,0.0,0.0,25.7,45.4,218,2024-04-30T05:04,2024-04-30T18:03,43200.0,Kolkata,22.5726,88.3639
2024-05-01,2,35.2,41.6,28.8,0.0,0.0,0.0,21.1,37.4,211,2024-05-01T05:04,2024-05-01T18:03,43200.0,Kolkata,22.5726,88.3639
2024-05-02,51,33.8,41.7,29.2,0.3,0.3,1.0,21.6,41.4,210,2024-05-02T05:03,2024-05-02T18:04,43200.0,Kolkata,22.5726,88.3639
2024-05-03,2,33.2,40.0,26.9,0.0,0.0,0.0,16.5,28.4,144,2024-05-03T05:02,2024-05-03T18:04,43200.0,Kolkata,22.5726,88.3639
2024-05-04,3,32.5,39.1,27.9,0.0,0.0,0.0,22.2,42.5,191,2024-05-04T05:02,2024-05-04T18:05,40790.95,Kolkata,22.5726,88.3639
2024-05-05,3,32.2,37.2,28.3,0.0,0.0,0.0,25.6,46.8,190,2024-05-05T05:01,2024-05-05T18:05,43200.0,Kolkata,22.5726,88.3639
2024-05-06,65,29.9,36.6,25.1,38.8,38.8,8.0,33.8,63.0,161,2024-05-06T05:01,2024-05-06T18:05,32597.14,Kolkata,22.5726,88.3639
2024-05-07,51,28.6,34.2,25.4,0.4,0.4,3.0,24.5,46.8,157,2024-05-07T05:00,2024-05-07T18:06,38821.84,Kolkata,22.5726,88.3639
2024-05-08,61,26.8,30.4,24.4,2.2,2.2,4.0,17.1,45.7,132,2024-05-08T04:59,2024-05-08T18:06,35792.55,Kolkata,22.5726,88.3639
2024-05-09,63,26.7,30.7,24.3,5.6,5.6,8.0,17.1,34.9,157,2024-05-09T04:59,2024-05-09T18:07,30242.97,Kolkata,22.5726,88.3639
2024-05-10,65,26.9,31.1,24.4,12.3,12.3,8.0,17.3,38.5,141,2024-05-10T04:58,2024-05-10T18:07,37299.65,Kolkata,22.5726,88.3639
2024-05-11,63,28.0,31.2,25.7,12.4,12.4,5.0,18.2,35.6,179,2024-05-11T04:58,2024-05-11T18:08,35876.35,Kolkata,22.5726,88.3639
2024-05-12,63,28.0,32.8,24.4,6.9,6.9,5.0,20.3,40.0,141,2024-05-12T04:57,2024-05-12T18:08,40360.65,Kolkata,22.5726,88.3639
2024-05-13,3,29.2,33.6,24.7,0.0,0.0,0.0,14.1,24.5,159,2024-05-13T04:57,2024-05-13T18:09,42156.92,Kolkata,22.5726,88.3639
2024-05-14,63,29.6,34.2,25.4,8.4,8.4,3.0,14.8,30.6,186,2024-05-14T04:56,2024-05-14T18:09,43200.0,Kolkata,22.5726,88.3639
2024-05-15,3,30.4,35.1,26.2,0.0,0.0,0.0,12.8,22.3,196,2024-05-15T04:56,2024-05-15T18:10,43080.04,Kolkata,22.5726,88.3639
2024-05-16,3,30.8,36.0,26.4,0.0,0.0,0.0,14.3,24.1,203,2024-05-16T04:56,2024-05-16T18:10,32367.88,Kolkata,22.5726,88.3639
2024-05-17,51,31.9,37.7,27.5,0.1,0.1,1.0,19.7,35.3,203,2024-05-17T04:55,2024-05-17T18:10,43200.0,Kolkata,22.5726,88.3639
2024-05-18,3,32.0,37.2,29.0,0.0,0.0,0.0,17.2,28.1,204,2024-05-18T04:55,2024-05-18T18:11,41095.77,Kolkata,22.5726,88.3639
2024-05-19,3,31.1,34.9,29.3,0.0,0.0,0.0,14.8,32.8,187,2024-05-19T04:54,2024-05-19T18:11,19667.46,Kolkata,22.5726,88.3639
2024-05-20,65,29.3,34.0,27.1,19.3,19.3,7.0,15.5,31.0,171,2024-05-20T04:54,2024-05-20T18:12,32598.8,Kolkata,22.5726,88.3639
2024-05-21,63,29.2,34.1,27.2,10.1,10.1,7.0,14.8,32.8,136,2024-05-21T04:54,2024-05-21T18:12,36594.48,Kolkata,22.5726,88.3639
2024-05-22,61,29.9,34.3,27.2,1.9,1.9,5.0,14.3,41.4,153,2024-05-22T04:53,2024-05-22T18:13,42179.46,Kolkata,22.5726,88.3639
2024-05-23,53,30.2,34.7,26.1,1.0,1.0,5.0,22.4,45.0,131,2024-05-23T04:53,2024-05-23T18:13,41239.3,Kolkata,22.5726,88.3639
2024-05-24,2,31.1,35.4,27.1,0.0,0.0,0.0,18.0,32.4,123,2024-05-24T04:53,2024-05-24T18:14,43200.0,Kolkata,22.5726,88.3639
2024-05-25,53,31.2,35.6,27.6,0.5,0.5,1.0,16.3,34.6,89,2024-05-25T04:53,2024-05-25T18:14,43200.0,Kolkata,22.5726,88.3639
2024-05-26,63,28.0,30.6,26.7,33.2,33.2,19.0,42.6,75.2,45,2024-05-26T04:52,2024-05-26T18:15,0.0,Kolkata,22.5726,88.3639
2024-05-27,65,26.9,27.8,26.2,80.5,80.5,19.0,44.0,83.9,313,2024-05-27T04:52,2024-05-27T18:15,0.0,Kolkata,22.5726,88.3639
2024-05-28,51,30.6,36.0,26.2,0.5,0.5,2.0,22.0,40.7,189,2024-05-28T04:52,2024-05-28T18:15,36660.76,Kolkata,22.5726,88.3639
2024-05-29,3,32.0,35.3,29.4,0.0,0.0,0.0,31.0,57.2,190,2024-05-29T04:52,2024-05-29T18:16,43200.0,Kolkata,22.5726,88.3639
2024-05-30,3,31.7,34.8,29.8,0.0,0.0,0.0,29.0,55.4,186,2024-05-30T04:52,2024-05-30T18:16,39686.67,Kolkata,22.5726,88.3639
2024-05-31,3,30.9,34.1,28.7,0.0,0.0,0.0,26.1,49.3,186,2024-05-31T04:51,2024-05-31T18:17,32422.85,Kolkata,22.5726,88.3639
2024-06-01,51,30.7,34.6,27.8,0.7,0.7,6.0,23.5,43.9,181,2024-06-01T04:51,2024-06-01T18:17,41036.02,Kolkata,22.5726,88.3639
2024-06-02,63,31.2,33.9,28.7,5.9,5.9,6.0,21.0,43.9,191,2024-06-02T04:51,2024-06-02T18:18,40139.69,Kolkata,22.5726,88.3639
2024-06-03,3,31.1,34.8,28.6,0.0,0.0,0.0,19.7,38.5,191,2024-06-03T04:51,2024-06-03T18:18,40683.59,Kolkata,22.5726,88.3639
2024-06-04,3,31.5,35.4,28.9,0.0,0.0,0.0,20.5,36.4,188,2024-06-04T04:51,2024-06-04T18:18,39606.73,Kolkata,22.5726,88.3639
2024-06-05,53,31.4,36.0,28.5,0.7,0.7,2.0,20.8,38.9,183,2024-06-05T04:51,2024-06-05T18:19,43200.0,Kolkata,22.5726,88.3639
2024-06-06,53,31.4,37.0,26.9,1.4,1.4,3.0,19.7,34.6,178,2024-06-06T04:51,2024-06-06T18:19,43200.0,Kolkata,22.5726,88.3639
2024-06-07,3,31.2,36.6,26.1,0.0,0.0,0.0,22.4,40.7,209,2024-06-07T04:51,2024-06-07T18:20,43200.0,Kolkata,22.5726,88.3639
2024-06-08,3,31.4,35.3,28.1,0.0,0.0,0.0,21.6,40.0,195,2024-06-08T04:51,2024-06-08T18:20,43200.0,Kolkata,22.5726,88.3639
2024-06-09,3,31.9,36.5,28.3,0.0,0.0,0.0,16.7,33.1,190,2024-06-09T04:51,2024-06-09T18:20,43200.0,Kolkata,22.5726,88.3639
2024-06-10,3,32.0,36.3,28.8,0.0,0.0,0.0,17.5,33.8,185,2024-06-10T04:51,2024-06-10T18:21,43416.11,Kolkata,22.5726,88.3639
2024-06-11,3,31.8,36.3,29.0,0.0,0.0,0.0,19.1,34.6,184,2024-06-11T04:51,2024-06-11T18:21,39256.58,Kolkata,22.5726,88.3639
2024-06-12,3,31.4,34.8,28.7,0.0,0.0,0.0,19.9,37.4,184,2024-06-12T04:51,2024-06-12T18:21,35532.01,Kolkata,22.5726,88.3639
2024-06-13,51,32.0,35.6,28.8,0.2,0.2,2.0,23.5,45.7,184,2024-06-13T04:51,2024-06-13T18:22,42537.61,Kolkata,22.5726,88.3639
2024-06-14,3,32.5,37.5,29.0,0.0,0.0,0.0,19.5,36.0,184,2024-06-14T04:51,2024-06-14T18:22,39704.51,Kolkata,22.5726,88.3639
2024-06-15,63,32.2,37.1,29.5,6.6,6.6,3.0,21.7,38.9,182,2024-06-15T04:51,2024-06-15T18:22,34027.67,Kolkata,22.5726,88.3639
2024-06-16,3,32.5,36.6,29.8,0.0,0.0,0.0,19.6,36.0,186,2024-06-16T04:52,2024-06-16T18:23,39299.53,Kolkata,22.5726,88.3639
2024-06-17,3,32.5,37.4,29.7,0.0,0.0,0.0,29.9,55.1,193,2024-06-17T04:52,2024-06-17T18:23,37861.56,Kolkata,22.5726,88.3639
2024-06-18,65,30.6,32.2,28.4,19.4,19.4,5.0,21.9,41.4,200,2024-06-18T04:52,2024-06-18T18:23,3338.06,Kolkata,22.5726,88.3639
2024-06-19,53,30.4,34.8,28.1,2.9,2.9,10.0,23.6,47.9,195,2024-06-19T04:52,2024-06-19T18:23,15047.19,Kolkata,22.5726,88.3639
2024-06-20,65,29.5,35.0,28.1,24.9,24.9,11.0,19.1,37.1,185,2024-06-20T04:52,2024-06-20T18:24,12540.28,Kolkata,22.5726,88.3639
2024-06-21,53,29.1,31.8,27.7,1.9,1.9,8.0,12.0,25.2,158,2024-06-21T04:52,2024-06-21T18:24,16940.22,Kolkata,22.5726,88.3639
2024-06-22,63,29.4,32.9,27.1,9.7,9.7,9.0,15.2,33.8,160,2024-06-22T04:53,2024-06-22T18:24,40186.28,Kolkata,22.5726,88.3639
2024-06-23,61,29.6,33.4,26.9,3.7,3.7,8.0,16.8,32.4,169,2024-06-23T04:53,2024-06-23T18:24,38917.07,Kolkata,22.5726,88.3639
2024-06-24,51,30.2,33.4,27.4,0.3,0.3,2.0,18.4,35.3,186,2024-06-24T04:53,2024-06-24T18:24,42750.79,Kolkata,22.5726,88.3639
2024-06-25,51,30.8,33.8,28.2,0.4,0.4,4.0,18.3,36.7,181,2024-06-25T04:53,2024-06-25T18:24,41476.25,Kolkata,22.5726,88.3639
2024-06-26,61,30.2,33.9,27.5,2.5,2.5,6.0,15.0,31.0,139,2024-06-26T04:54,2024-06-26T18:25,31151.07,Kolkata,22.5726,88.3639
2024-06-27,63,29.0,32.8,27.6,14.6,14.6,10.0,15.7,38.2,108,2024-06-27T04:54,2024-06-27T18:25,22553.22,Kolkata,22.5726,88.3639
2024-06-28,63,29.0,32.4,27.2,14.3,14.3,11.0,13.9,28.8,130,2024-06-28T04:54,2024-06-28T18:25,28752.77,Kolkata,22.5726,88.3639
2024-06-29,61,28.9,31.6,27.1,4.9,4.9,14.0,16.1,31.0,189,2024-06-29T04:55,2024-06-29T18:25,25182.66,Kolkata,22.5726,88.3639
2024-06-30,63,28.2,31.6,26.4,20.6,20.6,18.0,16.6,31.3,210,2024-06-30T04:55,2024-06-30T18:25,12802.1,Kolkata,22.5726,88.3639
2024-07-01,63,28.1,32.2,26.0,20.7,20.7,24.0,19.3,41.0,218,2024-07-01T04:55,2024-07-01T18:25,11021.78,Kolkata,22.5726,88.3639
2024-07-02,63,27.4,30.1,25.8,30.5,30.5,21.0,16.9,36.0,219,2024-07-02T04:56,2024-07-02T18:25,6434.42,Kolkata,22.5726,88.3639
2024-07-03,63,27.3,28.9,25.8,13.0,13.0,19.0,18.6,33.8,203,2024-07-03T04:56,2024-07-03T18:25,12005.1,Kolkata,22.5726,88.3639
2024-07-04,63,28.0,31.5,25.6,15.7,15.7,17.0,16.6,34.2,198,2024-07-04T04:56,2024-07-04T18:25,14711.2,Kolkata,22.5726,88.3639
2024-07-05,65,29.0,32.5,25.9,24.5,24.5,11.0,22.7,46.1,192,2024-07-05T04:57,2024-07-05T18:25,39344.63,Kolkata,22.5726,88.3639
2024-07-06,61,28.7,32.3,26.5,4.8,4.8,10.0,19.3,37.1,179,2024-07-06T04:57,2024-07-06T18:25,37203.85,Kolkata,22.5726,88.3639
2024-07-07,63,29.0,32.4,26.5,7.0,7.0,9.0,16.0,36.0,157,2024-07-07T04:57,2024-07-07T18:25,39584.57,Kolkata,22.5726,88.3639
2024-07-08,51,29.1,32.5,26.3,1.3,1.3,9.0,15.8,33.5,149,2024-07-08T04:58,2024-07-08T18:25,41712.02,Kolkata,22.5726,88.3639
2024-07-09,61,29.3,32.2,27.0,5.4,5.4,8.0,17.1,32.4,174,2024-07-09T04:58,2024-07-09T18:25,38239.95,Kolkata,22.5726,88.3639
2024-07-10,51,29.7,32.5,27.6,1.0,1.0,6.0,21.3,41.4,195,2024-07-10T04:59,2024-07-10T18:25,41656.06,Kolkata,22.5726,88.3639
2024-07-11,63,29.7,32.8,27.4,11.9,11.9,12.0,20.0,38.5,199,2024-07-11T04:59,2024-07-11T18:25,38736.46,Kolkata,22.5726,88.3639
2024-07-12,63,28.3,32.5,26.5,18.2,18.2,16.0,15.6,29.5,192,2024-07-12T04:59,2024-07-12T18:24,22893.65,Kolkata,22.5726,88.3639
2024-07-13,63,28.6,31.9,25.5,9.8,9.8,9.0,17.2,35.6,159,2024-07-13T05:00,2024-07-13T18:24,34394.18,Kolkata,22.5726,88.3639
2024-07-14,61,29.2,32.2,26.1,4.3,4.3,11.0,16.1,34.6,138,2024-07-14T05:00,2024-07-14T18:24,44569.28,Kolkata,22.5726,88.3639
2024-07-15,53,29.3,32.1,27.0,1.9,1.9,9.0,23.3,48.6,106,2024-07-15T05:01,2024-07-15T18:24,37521.98,Kolkata,22.5726,88.3639
2024-07-16,51,29.3,31.9,26.9,1.1,1.1,10.0,14.5,32.4,122,2024-07-16T05:01,2024-07-16T18:23,24990.17,Kolkata,22.5726,88.3639
2024-07-17,61,29.3,33.2,26.6,5.1,5.1,11.0,16.1,34.6,121,2024-07-17T05:01,2024-07-17T18:23,42509.65,Kolkata,22.5726,88.3639
2024-07-18,51,29.9,33.5,26.9,1.2,1.2,7.0,23.1,45.7,100,2024-07-18T05:02,2024-07-18T18:23,44117.92,Kolkata,22.5726,88.3639
2024-07-19,55,29.3,32.0,27.4,3.0,3.0,11.0,23.8,48.2,97,2024-07-19T05:02,2024-07-19T18:23,42250.3,Kolkata,22.5726,88.3639
2024-07-20,51,29.5,32.9,27.1,1.7,1.7,10.0,25.2,52.6,119,2024-07-20T05:03,2024-07-20T18:22,42812.28,Kolkata,22.5726,88.3639
2024-07-21,63,29.1,31.4,26.9,10.1,10.1,11.0,24.0,45.7,142,2024-07-21T05:03,2024-07-21T18:22,37648.51,Kolkata,22.5726,88.3639
2024-07-22,61,28.9,31.8,26.7,8.0,8.0,17.0,18.8,38.5,167,2024-07-22T05:04,2024-07-22T18:22,31610.53,Kolkata,22.5726,88.3639
2024-07-23,65,28.5,31.8,26.0,19.5,19.5,18.0,15.6,30.2,161,2024-07-23T05:04,2024-07-23T18:21,39189.41,Kolkata,22.5726,88.3639
2024-07-24,65,28.7,32.1,26.6,17.2,17.2,14.0,13.4,29.9,193,2024-07-24T05:04,2024-07-24T18:21,27269.67,Kolkata,22.5726,88.3639
2024-07-25,63,28.4,31.7,26.6,12.5,12.5,17.0,13.8,28.8,234,2024-07-25T05:05,2024-07-25T18:20,26534.71,Kolkata,22.5726,88.3639
2024-07-26,63,28.3,30.3,26.2,21.8,21.8,12.0,20.2,39.6,69,2024-07-26T05:05,2024-07-26T18:20,35217.72,Kolkata,22.5726,88.3639
2024-07-27,61,28.6,31.6,27.1,5.7,5.7,13.0,21.5,39.2,125,2024-07-27T05:06,2024-07-27T18:20,28339.95,Kolkata,22.5726,88.3639
2024-07-28,63,28.6,32.0,26.5,8.0,8.0,10.0,12.8,27.4,118,2024-07-28T05:06,2024-07-28T18:19,33415.92,Kolkata,22.5726,88.3639
2024-07-29,65,28.2,31.2,26.4,24.4,24.4,20.0,13.3,26.3,162,2024-07-29T05:07,2024-07-29T18:19,22410.47,Kolkata,22.5726,88.3639
2024-07-30,61,29.0,33.0,26.2,5.1,5.1,16.0,17.8,36.0,196,2024-07-30T05:07,2024-07-30T18:18,36612.91,Kolkata,22.5726,88.3639
2024-07-31,63,28.1,31.5,25.9,31.2,31.2,23.0,12.2,29.5,178,2024-07-31T05:07,2024-07-31T18:18,22474.08,Kolkata,22.5726,88.3639
2024-08-01,63,26.9,28.0,25.8,31.7,31.7,24.0,23.9,42.5,211,2024-08-01T05:08,2024-08-01T18:17,0.0,Kolkata,22.5726,88.3639
2024-08-02,63,27.4,30.4,25.9,29.9,29.9,18.0,23.3,45.7,190,2024-08-02T05:08,2024-08-02T18:17,4326.68,Kolkata,22.5726,88.3639
2024-08-03,63,27.5,31.4,25.0,16.0,16.0,20.0,20.3,39.2,173,2024-08-03T05:09,2024-08-03T18:16,24385.36,Kolkata,22.5726,88.3639
2024-08-04,65,27.6,31.0,24.9,28.5,28.5,13.0,17.3,39.2,180,2024-08-04T05:09,2024-08-04T18:15,26120.32,Kolkata,22.5726,88.3639
2024-08-05,65,28.1,32.4,24.9,61.5,61.5,15.0,15.5,30.2,201,2024-08-05T05:09,2024-08-05T18:15,29892.99,Kolkata,22.5726,88.3639
2024-08-06,63,28.0,31.3,26.3,7.5,7.5,14.0,15.6,31.7,163,2024-08-06T05:10,2024-08-06T18:14,24026.84,Kolkata,22.5726,88.3639
2024-08-07,61,27.9,30.9,25.9,6.0,6.0,11.0,17.1,34.6,145,2024-08-07T05:10,2024-08-07T18:13,26171.32,Kolkata,22.5726,88.3639
2024-08-08,61,28.0,31.3,25.9,5.1,5.1,10.0,19.8,39.6,158,2024-08-08T05:11,2024-08-08T18:13,28802.36,Kolkata,22.5726,88.3639
2024-08-09,63,27.9,31.1,25.6,10.1,10.1,15.0,17.1,36.0,183,2024-08-09T05:11,2024-08-09T18:12,25189.85,Kolkata,22.5726,88.3639
2024-08-10,65,27.5,32.0,25.2,24.7,24.7,21.0,15.9,29.9,194,2024-08-10T05:11,2024-08-10T18:11,22489.29,Kolkata,22.5726,88.3639
2024-08-11,61,28.2,32.6,25.4,10.3,10.3,16.0,16.2,32.0,208,2024-08-11T05:12,2024-08-11T18:11,28800.0,Kolkata,22.5726,88.3639
2024-08-12,63,28.6,32.3,25.3,13.4,13.4,11.0,15.0,30.2,198,2024-08-12T05:12,2024-08-12T18:10,38946.63,Kolkata,22.5726,88.3639
2024-08-13,61,28.5,32.8,25.5,8.4,8.4,12.0,15.3,32.4,180,2024-08-13T05:12,2024-08-13T18:09,31796.88,Kolkata,22.5726,88.3639
2024-08-14,65,28.0,32.3,25.4,56.7,56.7,14.0,13.9,29.2,148,2024-08-14T05:13,2024-08-14T18:09,19768.27,Kolkata,22.5726,88.3639
2024-08-15,63,28.4,32.7,26.1,5.8,5.8,11.0,10.6,29.9,150,2024-08-15T05:13,2024-08-15T18:08,27791.08,Kolkata,22.5726,88.3639
2024-08-16,53,28.1,31.2,24.6,2.1,2.1,7.0,10.2,22.0,135,2024-08-16T05:14,2024-08-16T18:07,21711.94,Kolkata,22.5726,88.3639
2024-08-17,63,28.3,32.8,25.3,10.8,10.8,14.0,10.9,27.0,278,2024-08-17T05:14,2024-08-17T18:06,27910.52,Kolkata,22.5726,88.3639
2024-08-18,63,27.3,30.1,25.7,19.9,19.9,18.0,19.7,38.5,332,2024-08-18T05:14,2024-08-18T18:05,28460.67,Kolkata,22.5726,88.3639
2024-08-19,63,27.1,30.6,25.6,14.9,14.9,18.0,14.3,27.7,296,2024-08-19T05:15,2024-08-19T18:05,15215.58,Kolkata,22.5726,88.3639
2024-08-20,65,27.1,30.7,25.1,29.0,29.0,18.0,10.6,23.8,214,2024-08-20T05:15,2024-08-20T18:04,12192.1,Kolkata,22.5726,88.3639
2024-08-21,63,27.8,31.8,25.5,18.8,18.8,17.0,15.6,34.9,216,2024-08-21T05:15,2024-08-21T18:03,17980.97,Kolkata,22.5726,88.3639
2024-08-22,65,27.8,31.4,25.5,35.4,35.4,15.0,12.1,27.4,209,2024-08-22T05:16,2024-08-22T18:02,17766.93,Kolkata,22.5726,88.3639
2024-08-23,63,26.7,29.8,25.1,22.9,22.9,24.0,11.1,22.3,165,2024-08-23T05:16,2024-08-23T18:01,6938.68,Kolkata,22.5726,88.3639
2024-08-24,63,25.9,27.4,25.1,13.8,13.8,14.0,11.2,23.4,144,2024-08-24T05:16,2024-08-24T18:00,994.7,Kolkata,22.5726,88.3639
2024-08-25,63,26.4,28.9,24.6,35.1,35.1,21.0,8.2,21.6,228,2024-08-25T05:17,2024-08-25T18:00,1392.27,Kolkata,22.5726,88.3639
2024-08-26,65,26.4,29.4,24.6,53.3,53.3,23.0,12.4,25.9,205,2024-08-26T05:17,2024-08-26T17:59,6423.52,Kolkata,22.5726,88.3639
2024-08-27,63,26.8,29.6,24.8,28.1,28.1,18.0,11.9,26.3,148,2024-08-27T05:17,2024-08-27T17:58,10412.73,Kolkata,22.5726,88.3639
2024-08-28,63,27.7,31.7,24.9,7.1,7.1,10.0,12.8,29.2,137,2024-08-28T05:18,2024-08-28T17:57,30590.35,Kolkata,22.5726,88.3639
2024-08-29,51,28.5,32.2,25.5,1.2,1.2,8.0,12.6,27.7,139,2024-08-29T05:18,2024-08-29T17:56,42687.83,Kolkata,22.5726,88.3639
2024-08-30,51,28.7,32.9,25.1,0.5,0.5,3.0,14.1,31.7,113,2024-08-30T05:18,2024-08-30T17:55,43200.0,Kolkata,22.5726,88.3639
2024-08-31,63,28.9,32.3,26.5,4.8,4.8,11.0,19.6,38.2,129,2024-08-31T05:19,2024-08-31T17:54,43200.0,Kolkata,22.5726,88.3639
2024-09-01,63,27.9,30.9,26.3,9.4,9.4,9.0,15.9,31.3,130,2024-09-01T05:19,2024-09-01T17:53,29268.79,Kolkata,22.5726,88.3639
2024-09-02,63,28.2,32.2,25.7,5.9,5.9,6.0,16.2,34.9,140,2024-09-02T05:19,2024-09-02T17:52,32400.0,Kolkata,22.5726,88.3639
2024-09-03,63,27.9,32.0,25.9,8.6,8.6,10.0,11.3,24.8,155,2024-09-03T05:19,2024-09-03T17:51,36879.18,Kolkata,22.5726,88.3639
2024-09-04,63,28.0,31.9,25.6,5.4,5.4,6.0,12.8,28.8,172,2024-09-04T05:20,2024-09-04T17:50,29685.1,Kolkata,22.5726,88.3639
2024-09-05,55,28.6,32.1,25.8,1.5,1.5,4.0,18.4,37.1,160,2024-09-05T05:20,2024-09-05T17:49,40782.11,Kolkata,22.5726,88.3639
2024-09-06,63,29.4,33.1,26.4,4.7,4.7,6.0,11.0,26.6,85,2024-09-06T05:20,2024-09-06T17:48,40522.7,Kolkata,22.5726,88.3639
2024-09-07,63,29.1,33.4,25.6,14.6,14.6,7.0,15.9,34.6,95,2024-09-07T05:21,2024-09-07T17:47,39864.25,Kolkata,22.5726,88.3639
2024-09-08,63,28.7,32.4,26.5,6.1,6.1,11.0,18.0,37.8,103,2024-09-08T05:21,2024-09-08T17:46,33735.2,Kolkata,22.5726,88.3639
2024-09-09,61,28.9,32.2,26.6,4.1,4.1,13.0,22.4,45.0,119,2024-09-09T05:21,2024-09-09T17:45,40274.18,Kolkata,22.5726,88.3639
2024-09-10,55,28.8,31.9,26.4,3.2,3.2,13.0,17.4,38.5,145,2024-09-10T05:22,2024-09-10T17:44,40874.2,Kolkata,22.5726,88.3639
2024-09-11,63,28.7,31.9,26.3,6.6,6.6,10.0,11.2,27.0,141,2024-09-11T05:22,2024-09-11T17:43,34763.08,Kolkata,22.5726,88.3639
2024-09-12,63,28.4,31.4,26.1,14.3,14.3,13.0,10.2,24.5,272,2024-09-12T05:22,2024-09-12T17:42,8785.0,Kolkata,22.5726,88.3639
2024-09-13,63,28.1,31.6,25.5,24.4,24.4,10.0,17.8,37.1,307,2024-09-13T05:22,2024-09-13T17:41,13448.21,Kolkata,22.5726,88.3639
2024-09-14,65,25.9,27.9,25.1,64.6,64.6,24.0,31.6,55.8,336,2024-09-14T05:23,2024-09-14T17:40,3349.5,Kolkata,22.5726,88.3639
2024-09-15,63,25.6,27.0,24.8,25.3,25.3,24.0,26.6,51.5,178,2024-09-15T05:23,2024-09-15T17:39,0.0,Kolkata,22.5726,88.3639
2024-09-16,63,26.7,29.2,25.3,25.3,25.3,17.0,24.2,51.5,147,2024-09-16T05:23,2024-09-16T17:38,7356.21,Kolkata,22.5726,88.3639
2024-09-17,51,28.6,32.6,25.4,0.5,0.5,4.0,18.1,35.3,133,2024-09-17T05:24,2024-09-17T17:37,43200.0,Kolkata,22.5726,88.3639
2024-09-18,3,28.6,33.0,24.1,0.0,0.0,0.0,7.9,19.4,151,2024-09-18T05:24,2024-09-18T17:36,43200.0,Kolkata,22.5726,88.3639
2024-09-19,51,29.1,32.7,25.7,0.1,0.1,1.0,7.2,18.4,293,2024-09-19T05:24,2024-09-19T17:35,33385.38,Kolkata,22.5726,88.3639
2024-09-20,53,30.1,33.4,26.4,1.5,1.5,6.0,10.9,22.0,307,2024-09-20T05:24,2024-09-20T17:34,43200.0,Kolkata,22.5726,88.3639
2024-09-21,63,29.4,33.4,25.9,4.5,4.5,6.0,9.9,24.5,358,2024-09-21T05:25,2024-09-21T17:33,43200.0,Kolkata,22.5726,88.3639
2024-09-22,63,30.1,34.0,26.2,4.2,4.2,3.0,12.6,26.6,352,2024-09-22T05:25,2024-09-22T17:32,43153.17,Kolkata,22.5726,88.3639
2024-09-23,63,28.9,33.6,26.6,12.6,12.6,8.0,17.1,32.4,143,2024-09-23T05:25,2024-09-23T17:31,24203.64,Kolkata,22.5726,88.3639
2024-09-24,63,27.8,30.5,26.4,14.2,14.2,14.0,18.0,41.0,103,2024-09-24T05:26,2024-09-24T17:30,23456.46,Kolkata,22.5726,88.3639
2024-09-25,63,26.1,28.1,25.4,34.0,34.0,20.0,18.8,36.4,133,2024-09-25T05:26,2024-09-25T17:29,3508.09,Kolkata,22.5726,88.3639
2024-09-26,63,26.2,28.5,24.6,23.7,23.7,21.0,18.3,45.0,150,2024-09-26T05:26,2024-09-26T17:28,3831.79,Kolkata,22.5726,88.3639
2024-09-27,61,27.0,30.5,24.4,6.2,6.2,13.0,20.0,43.2,158,2024-09-27T05:26,2024-09-27T17:27,34357.92,Kolkata,22.5726,88.3639
2024-09-28,51,28.3,31.4,25.6,1.3,1.3,8.0,17.3,36.4,186,2024-09-28T05:27,2024-09-28T17:26,36879.23,Kolkata,22.5726,88.3639
2024-09-29,51,28.9,32.4,26.3,1.0,1.0,4.0,15.1,28.8,220,2024-09-29T05:27,2024-09-29T17:25,39438.17,Kolkata,22.5726,88.3639
2024-09-30,51,29.7,33.5,26.3,0.4,0.4,3.0,8.8,21.6,234,2024-09-30T05:27,2024-09-30T17:25,40215.49,Kolkata,22.5726,88.3639
2024-10-01,63,30.0,34.2,26.6,13.6,13.6,5.0,13.1,24.5,270,2024-10-01T05:28,2024-10-01T17:24,33756.29,Kolkata,22.5726,88.3639
2024-10-02,63,27.8,31.6,25.2,14.4,14.4,11.0,10.1,25.9,258,2024-10-02T05:28,2024-10-02T17:23,21656.24,Kolkata,22.5726,88.3639
2024-10-03,61,28.1,31.5,26.5,3.6,3.6,8.0,10.9,23.4,236,2024-10-03T05:28,2024-10-03T17:22,27299.47,Kolkata,22.5726,88.3639
2024-10-04,63,27.1,30.0,25.3,28.4,28.4,21.0,9.1,22.3,213,2024-10-04T05:29,2024-10-04T17:21,8871.49,Kolkata,22.5726,88.3639
2024-10-05,65,26.6,30.1,24.8,13.6,13.6,13.0,4.5,16.9,159,2024-10-05T05:29,2024-10-05T17:20,14079.82,Kolkata,22.5726,88.3639
2024-10-06,63,26.6,30.3,24.1,10.1,10.1,8.0,11.6,23.4,144,2024-10-06T05:29,2024-10-06T17:19,24494.29,Kolkata,22.5726,88.3639
2024-10-07,63,27.0,30.7,24.4,14.5,14.5,13.0,11.2,30.6,126,2024-10-07T05:30,2024-10-07T17:18,33835.24,Kolkata,22.5726,88.3639
2024-10-08,63,27.3,31.1,25.2,9.8,9.8,10.0,7.8,27.0,191,2024-10-08T05:30,2024-10-08T17:17,29171.82,Kolkata,22.5726,88.3639
2024-10-09,63,26.8,29.9,25.0,14.9,14.9,8.0,13.1,26.3,218,2024-10-09T05:31,2024-10-09T17:16,27666.56,Kolkata,22.5726,88.3639
2024-10-10,65,27.8,31.2,25.3,11.1,11.1,8.0,10.3,29.5,213,2024-10-10T05:31,2024-10-10T17:15,33064.69,Kolkata,22.5726,88.3639
2024-10-11,61,28.1,32.1,25.4,3.6,3.6,7.0,10.6,28.4,217,2024-10-11T05:31,2024-10-11T17:14,39269.98,Kolkata,22.5726,88.3639
2024-10-12,61,28.6,31.9,24.9,5.4,5.4,12.0,7.7,16.9,203,2024-10-12T05:32,2024-10-12T17:13,39310.93,Kolkata,22.5726,88.3639
2024-10-13,61,28.3,32.0,24.9,3.8,3.8,8.0,8.5,16.9,323,2024-10-13T05:32,2024-10-13T17:12,36736.22,Kolkata,22.5726,88.3639
2024-10-14,3,28.3,32.4,25.0,0.0,0.0,0.0,7.4,16.2,30,2024-10-14T05:32,2024-10-14T17:12,39825.03,Kolkata,22.5726,88.3639
2024-10-15,61,27.3,31.5,24.9,5.8,5.8,7.0,9.3,17.3,358,2024-10-15T05:33,2024-10-15T17:11,37207.6,Kolkata,22.5726,88.3639
2024-10-16,3,27.3,31.3,24.4,0.0,0.0,0.0,8.8,17.6,334,2024-10-16T05:33,2024-10-16T17:10,37639.15,Kolkata,22.5726,88.3639
2024-10-17,63,26.7,30.9,24.5,8.0,8.0,7.0,9.9,25.6,48,2024-10-17T05:34,2024-10-17T17:09,38508.02,Kolkata,22.5726,88.3639
2024-10-18,63,26.4,30.2,23.8,6.4,6.4,10.0,14.1,27.7,315,2024-10-18T05:34,2024-10-18T17:08,28848.99,Kolkata,22.5726,88.3639
2024-10-19,61,26.6,30.5,23.6,7.8,7.8,12.0,11.2,24.1,325,2024-10-19T05:34,2024-10-19T17:08,35318.65,Kolkata,22.5726,88.3639
2024-10-20,3,26.6,30.5,23.8,0.0,0.0,0.0,12.8,27.0,9,2024-10-20T05:35,2024-10-20T17:07,35843.88,Kolkata,22.5726,88.3639
2024-10-21,3,26.4,30.4,23.3,0.0,0.0,0.0,13.0,28.1,358,2024-10-21T05:35,2024-10-21T17:06,38875.41,Kolkata,22.5726,88.3639
2024-10-22,3,26.6,30.9,22.6,0.0,0.0,0.0,10.5,23.8,353,2024-10-22T05:36,2024-10-22T17:05,39313.67,Kolkata,22.5726,88.3639
2024-10-23,55,26.3,29.6,24.0,1.9,1.9,3.0,17.1,34.6,34,2024-10-23T05:36,2024-10-23T17:05,23987.03,Kolkata,22.5726,88.3639
2024-10-24,63,25.0,26.4,24.1,18.4,18.4,19.0,26.9,55.4,61,2024-10-24T05:37,2024-10-24T17:04,2452.69,Kolkata,22.5726,88.3639
2024-10-25,63,25.0,25.9,24.2,57.1,57.1,23.0,24.7,45.7,98,2024-10-25T05:37,2024-10-25T17:03,0.0,Kolkata,22.5726,88.3639
2024-10-26,63,27.3,31.5,24.3,4.5,4.5,6.0,21.2,40.0,126,2024-10-26T05:38,2024-10-26T17:02,33051.83,Kolkata,22.5726,88.3639
2024-10-27,55,26.9,30.6,24.0,1.5,1.5,5.0,11.5,24.8,129,2024-10-27T05:38,2024-10-27T17:02,37268.04,Kolkata,22.5726,88.3639
2024-10-28,3,27.5,31.4,23.3,0.0,0.0,0.0,7.3,16.6,160,2024-10-28T05:39,2024-10-28T17:01,34962.44,Kolkata,22.5726,88.3639
2024-10-29,0,27.3,31.4,23.6,0.0,0.0,0.0,9.2,16.2,220,2024-10-29T05:39,2024-10-29T17:00,37976.28,Kolkata,22.5726,88.3639
2024-10-30,53,26.9,30.8,24.2,1.3,1.3,8.0,9.1,27.7,218,2024-10-30T05:40,2024-10-30T17:00,36548.64,Kolkata,22.5726,88.3639
2024-10-31,53,26.9,31.3,24.3,1.8,1.8,6.0,10.0,23.0,236,2024-10-31T05:40,2024-10-31T16:59,37359.38,Kolkata,22.5726,88.3639
2024-11-01,3,27.7,32.4,23.5,0.0,0.0,0.0,7.1,11.5,295,2024-11-01T05:41,2024-11-01T16:59,37781.04,Kolkata,22.5726,88.3639
2024-11-02,0,27.4,31.4,23.4,0.0,0.0,0.0,7.1,15.5,8,2024-11-02T05:41,2024-11-02T16:58,38064.02,Kolkata,22.5726,88.3639
2024-11-03,0,25.9,31.0,21.2,0.0,0.0,0.0,7.7,15.1,17,2024-11-03T05:42,2024-11-03T16:57,37825.02,Kolkata,22.5726,88.3639
2024-11-04,0,26.1,30.2,21.6,0.0,0.0,0.0,7.5,15.5,18,2024-11-04T05:42,2024-11-04T16:57,37585.35,Kolkata,22.5726,88.3639
2024-11-05,51,25.6,29.3,22.2,0.6,0.6,2.0,8.0,19.8,36,2024-11-05T05:43,2024-11-05T16:56,37344.94,Kolkata,22.5726,88.3639
2024-11-06,61,25.6,29.5,22.4,1.3,1.3,1.0,11.8,29.2,88,2024-11-06T05:44,2024-11-06T16:56,36840.92,Kolkata,22.5726,88.3639
2024-11-07,51,25.5,30.1,20.9,0.2,0.2,1.0,7.5,19.8,357,2024-11-07T05:44,2024-11-07T16:55,37125.33,Kolkata,22.5726,88.3639
2024-11-08,0,25.7,30.2,21.7,0.0,0.0,0.0,10.7,23.8,34,2024-11-08T05:45,2024-11-08T16:55,36883.18,Kolkata,22.5726,88.3639
2024-11-09,0,25.0,29.6,21.3,0.0,0.0,0.0,9.3,22.3,19,2024-11-09T05:45,2024-11-09T16:55,36904.66,Kolkata,22.5726,88.3639
2024-11-10,0,24.8,29.9,21.1,0.0,0.0,0.0,8.9,21.2,20,2024-11-10T05:46,2024-11-10T16:54,36926.52,Kolkata,22.5726,88.3639
2024-11-11,3,25.2,30.1,21.0,0.0,0.0,0.0,10.1,22.7,30,2024-11-11T05:47,2024-11-11T16:54,36683.54,Kolkata,22.5726,88.3639
2024-11-12,3,25.5,29.9,20.2,0.0,0.0,0.0,10.1,23.0,7,2024-11-12T05:47,2024-11-12T16:53,36439.95,Kolkata,22.5726,88.3639
2024-11-13,3,26.1,31.5,21.0,0.0,0.0,0.0,6.3,19.1,0,2024-11-13T05:48,2024-11-13T16:53,36727.89,Kolkata,22.5726,88.3639
2024-11-14,0,25.6,30.8,21.7,0.0,0.0,0.0,9.7,24.5,1,2024-11-14T05:48,2024-11-14T16:53,36750.43,Kolkata,22.5726,88.3639
2024-11-15,2,24.5,30.2,19.7,0.0,0.0,0.0,7.7,20.5,336,2024-11-15T05:49,2024-11-15T16:52,36773.16,Kolkata,22.5726,88.3639
2024-11-16,0,23.5,29.2,18.8,0.0,0.0,0.0,8.7,23.4,337,2024-11-16T05:50,2024-11-16T16:52,36796.05,Kolkata,22.5726,88.3639
2024-11-17,2,23.3,28.7,18.5,0.0,0.0,0.0,6.8,19.8,326,2024-11-17T05:50,2024-11-17T16:52,36283.29,Kolkata,22.5726,88.3639
2024-11-18,0,23.0,28.0,18.8,0.0,0.0,0.0,7.4,19.1,306,2024-11-18T05:51,2024-11-18T16:52,36573.86,Kolkata,22.5726,88.3639
2024-11-19,0,23.0,28.6,18.7,0.0,0.0,0.0,4.7,13.0,330,2024-11-19T05:52,2024-11-19T16:51,36327.8,Kolkata,22.5726,88.3639
2024-11-20,3,23.3,29.0,17.4,0.0,0.0,0.0,8.0,18.7,302,2024-11-20T05:52,2024-11-20T16:51,36080.93,Kolkata,22.5726,88.3639
2024-11-21,1,23.4,28.8,18.1,0.0,0.0,0.0,8.4,24.5,285,2024-11-21T05:53,2024-11-21T16:51,35197.29,Kolkata,22.5726,88.3639
2024-11-22,1,23.3,28.7,18.4,0.0,0.0,0.0,7.8,23.0,327,2024-11-22T05:54,2024-11-22T16:51,36124.68,Kolkata,22.5726,88.3639
2024-11-23,1,22.9,28.5,17.5,0.0,0.0,0.0,8.9,22.7,304,2024-11-23T05:54,2024-11-23T16:51,36000.0,Kolkata,22.5726,88.3639
2024-11-24,3,22.7,28.1,17.2,0.0,0.0,0.0,7.2,18.7,323,2024-11-24T05:55,2024-11-24T16:51,36000.0,Kolkata,22.5726,88.3639
2024-11-25,3,22.2,27.5,17.3,0.0,0.0,0.0,8.6,17.6,322,2024-11-25T05:56,2024-11-25T16:51,36000.0,Kolkata,22.5726,88.3639
2024-11-26,3,22.4,27.4,17.9,0.0,0.0,0.0,6.8,21.2,346,2024-11-26T05:56,2024-11-26T16:51,36000.0,Kolkata,22.5726,88.3639
2024-11-27,3,22.7,28.5,16.9,0.0,0.0,0.0,7.2,22.0,353,2024-11-27T05:57,2024-11-27T16:51,36000.0,Kolkata,22.5726,88.3639
2024-11-28,3,23.5,28.8,18.6,0.0,0.0,0.0,9.2,26.6,31,2024-11-28T05:58,2024-11-28T16:51,36000.0,Kolkata,22.5726,88.3639
2024-11-29,3,24.1,27.0,20.6,0.0,0.0,0.0,8.8,24.8,28,2024-11-29T05:58,2024-11-29T16:51,16125.01,Kolkata,22.5726,88.3639
2024-11-30,51,21.8,23.7,19.1,0.7,0.7,4.0,11.9,29.5,19,2024-11-30T05:59,2024-11-30T16:51,16530.77,Kolkata,22.5726,88.3639
2024-12-01,51,22.8,27.8,18.4,0.2,0.2,1.0,8.0,22.3,42,2024-12-01T06:00,2024-12-01T16:51,34978.81,Kolkata,22.5726,88.3639
2024-12-02,51,21.7,23.7,20.0,0.1,0.1,1.0,9.4,23.0,356,2024-12-02T06:00,2024-12-02T16:51,12498.34,Kolkata,22.5726,88.3639
2024-12-03,3,22.8,27.6,19.3,0.0,0.0,0.0,7.1,19.4,354,2024-12-03T06:01,2024-12-03T16:51,36000.0,Kolkata,22.5726,88.3639
2024-12-04,2,22.0,27.2,17.9,0.0,0.0,0.0,4.7,15.5,50,2024-12-04T06:02,2024-12-04T16:51,36000.0,Kolkata,22.5726,88.3639
2024-12-05,3,22.2,28.4,16.9,0.0,0.0,0.0,6.5,18.7,299,2024-12-05T06:02,2024-12-05T16:51,36000.0,Kolkata,22.5726,88.3639
2024-12-06,0,21.3,26.8,16.4,0.0,0.0,0.0,7.1,18.0,349,2024-12-06T06:03,2024-12-06T16:52,36000.0,Kolkata,22.5726,88.3639
2024-12-07,2,20.8,25.8,16.6,0.0,0.0,0.0,5.2,16.9,65,2024-12-07T06:04,2024-12-07T16:52,36000.0,Kolkata,22.5726,88.3639
2024-12-08,3,20.6,26.0,15.7,0.0,0.0,0.0,5.6,14.8,84,2024-12-08T06:04,2024-12-08T16:52,36000.0,Kolkata,22.5726,88.3639
2024-12-09,3,21.3,26.7,17.3,0.0,0.0,0.0,7.3,15.8,81,2024-12-09T06:05,2024-12-09T16:52,33788.3,Kolkata,22.5726,88.3639
2024-12-10,55,20.9,26.3,17.4,1.3,1.3,2.0,6.4,19.4,357,2024-12-10T06:06,2024-12-10T16:53,34517.93,Kolkata,22.5726,88.3639
2024-12-11,3,19.7,24.6,16.0,0.0,0.0,0.0,9.9,27.0,10,2024-12-11T06:06,2024-12-11T16:53,36000.0,Kolkata,22.5726,88.3639
2024-12-12,3,18.4,24.2,13.4,0.0,0.0,0.0,8.1,23.4,1,2024-12-12T06:07,2024-12-12T16:53,36000.0,Kolkata,22.5726,88.3639
2024-12-13,3,18.1,23.7,13.2,0.0,0.0,0.0,8.2,23.8,1,2024-12-13T06:08,2024-12-13T16:54,36000.0,Kolkata,22.5726,88.3639
2024-12-14,3,17.8,23.6,13.2,0.0,0.0,0.0,8.0,20.5,357,2024-12-14T06:08,2024-12-14T16:54,36000.0,Kolkata,22.5726,88.3639
2024-12-15,0,17.8,23.9,12.1,0.0,0.0,0.0,8.8,21.2,350,2024-12-15T06:09,2024-12-15T16:54,36000.0,Kolkata,22.5726,88.3639
2024-12-16,0,18.9,25.0,13.2,0.0,0.0,0.0,6.0,20.5,343,2024-12-16T06:09,2024-12-16T16:55,36000.0,Kolkata,22.5726,88.3639
2024-12-17,3,20.6,26.6,14.3,0.0,0.0,0.0,5.6,19.1,21,2024-12-17T06:10,2024-12-17T16:55,36000.0,Kolkata,22.5726,88.3639
2024-12-18,3,21.0,27.1,15.7,0.0,0.0,0.0,5.8,17.6,356,2024-12-18T06:10,2024-12-18T16:55,36000.0,Kolkata,22.5726,88.3639
2024-12-19,3,21.0,27.0,16.8,0.0,0.0,0.0,8.7,25.6,31,2024-12-19T06:11,2024-12-19T16:56,35929.88,Kolkata,22.5726,88.3639
2024-12-20,53,21.1,26.6,15.8,0.7,0.7,2.0,8.5,22.0,84,2024-12-20T06:11,2024-12-20T16:56,35989.14,Kolkata,22.5726,88.3639
2024-12-21,63,18.8,20.1,16.4,10.5,10.5,10.0,7.6,20.2,85,2024-12-21T06:12,2024-12-21T16:57,1493.2,Kolkata,22.5726,88.3639
2024-12-22,3,19.9,25.3,16.1,0.0,0.0,0.0,9.0,22.3,41,2024-12-22T06:12,2024-12-22T16:57,28800.0,Kolkata,22.5726,88.3639
2024-12-23,3,21.1,26.5,17.2,0.0,0.0,0.0,9.4,24.5,40,2024-12-23T06:13,2024-12-23T16:58,36000.0,Kolkata,22.5726,88.3639
2024-12-24,3,21.2,26.0,17.6,0.0,0.0,0.0,6.2,15.8,17,2024-12-24T06:13,2024-12-24T16:58,28800.0,Kolkata,22.5726,88.3639
2024-12-25,53,20.6,23.9,18.6,0.5,0.5,1.0,4.8,12.6,165,2024-12-25T06:14,2024-12-25T16:59,10158.57,Kolkata,22.5726,88.3639
2024-12-26,3,21.6,27.1,17.2,0.0,0.0,0.0,8.1,20.9,18,2024-12-26T06:14,2024-12-26T17:00,33469.93,Kolkata,22.5726,88.3639
2024-12-27,0,21.2,26.9,16.9,0.0,0.0,0.0,8.6,21.2,6,2024-12-27T06:15,2024-12-27T17:00,36000.0,Kolkata,22.5726,88.3639
2024-12-28,0,20.9,26.4,15.9,0.0,0.0,0.0,7.6,20.9,355,2024-12-28T06:15,2024-12-28T17:01,36000.0,Kolkata,22.5726,88.3639
2024-12-29,1,21.6,27.0,16.0,0.0,0.0,0.0,6.6,20.5,306,2024-12-29T06:15,2024-12-29T17:01,36000.0,Kolkata,22.5726,88.3639
2024-12-30,2,21.7,26.6,17.7,0.0,0.0,0.0,8.2,21.6,346,2024-12-30T06:16,2024-12-30T17:02,36000.0,Kolkata,22.5726,88.3639
2024-12-31,3,19.8,24.4,16.8,0.0,0.0,0.0,11.8,31.0,333,2024-12-31T06:16,2024-12-31T17:03,36000.0,Kolkata,22.5726,88.3639
2025-01-01,3,18.4,23.4,13.8,0.0,0.0,0.0,9.6,28.1,343,2025-01-01T06:16,2025-01-01T17:03,36000.0,Kolkata,22.5726,88.3639
2025-01-02,1,17.2,22.8,12.7,0.0,0.0,0.0,8.3,25.2,343,2025-01-02T06:17,2025-01-02T17:04,36000.0,Kolkata,22.5726,88.3639
2025-01-03,3,17.2,22.9,12.0,0.0,0.0,0.0,9.1,21.2,338,2025-01-03T06:17,2025-01-03T17:05,36000.0,Kolkata,22.5726,88.3639
2025-01-04,3,19.0,24.4,14.0,0.0,0.0,0.0,7.1,23.4,347,2025-01-04T06:17,2025-01-04T17:05,35657.38,Kolkata,22.5726,88.3639
2025-01-05,3,19.8,25.6,14.3,0.0,0.0,0.0,5.5,20.2,356,2025-01-05T06:18,2025-01-05T17:06,35902.84,Kolkata,22.5726,88.3639
2025-01-06,3,19.9,25.4,14.1,0.0,0.0,0.0,6.3,21.6,246,2025-01-06T06:18,2025-01-06T17:07,33304.63,Kolkata,22.5726,88.3639
2025-01-07,1,21.2,26.9,16.0,0.0,0.0,0.0,9.2,22.7,280,2025-01-07T06:18,2025-01-07T17:07,36087.7,Kolkata,22.5726,88.3639
2025-01-08,3,19.3,23.8,16.0,0.0,0.0,0.0,11.0,28.4,348,2025-01-08T06:18,2025-01-08T17:08,36066.82,Kolkata,22.5726,88.3639
2025-01-09,0,18.2,23.5,13.8,0.0,0.0,0.0,7.8,24.8,19,2025-01-09T06:18,2025-01-09T17:09,36045.49,Kolkata,22.5726,88.3639
2025-01-10,0,18.3,23.9,13.6,0.0,0.0,0.0,9.2,22.7,348,2025-01-10T06:18,2025-01-10T17:09,36298.1,Kolkata,22.5726,88.3639
2025-01-11,3,18.7,24.9,12.8,0.0,0.0,0.0,6.6,22.3,5,2025-01-11T06:18,2025-01-11T17:10,36001.71,Kolkata,22.5726,88.3639
2025-01-12,3,20.2,26.4,14.1,0.0,0.0,0.0,4.7,15.8,348,2025-01-12T06:18,2025-01-12T17:11,36252.99,Kolkata,22.5726,88.3639
2025-01-13,0,21.3,27.8,14.4,0.0,0.0,0.0,8.0,22.3,310,2025-01-13T06:19,2025-01-13T17:11,36230.0,Kolkata,22.5726,88.3639
2025-01-14,0,21.5,27.1,16.5,0.0,0.0,0.0,9.2,26.6,10,2025-01-14T06:19,2025-01-14T17:12,36206.78,Kolkata,22.5726,88.3639
2025-01-15,3,20.3,25.5,15.5,0.0,0.0,0.0,11.4,30.6,0,2025-01-15T06:19,2025-01-15T17:13,35517.43,Kolkata,22.5726,88.3639
2025-01-16,1,19.5,25.9,13.8,0.0,0.0,0.0,7.4,21.6,350,2025-01-16T06:19,2025-01-16T17:13,36432.04,Kolkata,22.5726,88.3639
2025-01-17,3,20.2,25.8,14.7,0.0,0.0,0.0,8.8,26.3,344,2025-01-17T06:19,2025-01-17T17:14,36679.86,Kolkata,22.5726,88.3639
2025-01-18,0,20.4,25.8,15.1,0.0,0.0,0.0,10.8,30.6,349,2025-01-18T06:18,2025-01-18T17:15,36926.79,Kolkata,22.5726,88.3639
2025-01-19,0,20.3,25.6,15.2,0.0,0.0,0.0,11.6,32.0,328,2025-01-19T06:18,2025-01-19T17:16,37172.89,Kolkata,22.5726,88.3639
2025-01-20,0,19.8,24.9,14.0,0.0,0.0,0.0,10.5,30.6,314,2025-01-20T06:18,2025-01-20T17:16,37147.57,Kolkata,22.5726,88.3639
2025-01-21,0,20.8,26.7,14.3,0.0,0.0,0.0,10.3,29.9,279,2025-01-21T06:18,2025-01-21T17:17,37392.49,Kolkata,22.5726,88.3639
2025-01-22,0,21.9,28.5,15.7,0.0,0.0,0.0,9.0,27.0,324,2025-01-22T06:18,2025-01-22T17:18,37366.89,Kolkata,22.5726,88.3639
2025-01-23,3,22.3,28.8,15.9,0.0,0.0,0.0,6.6,22.0,203,2025-01-23T06:18,2025-01-23T17:18,36261.35,Kolkata,22.5726,88.3639
2025-01-24,1,22.7,28.6,16.9,0.0,0.0,0.0,6.6,23.0,254,2025-01-24T06:18,2025-01-24T17:19,36849.69,Kolkata,22.5726,88.3639
2025-01-25,51,21.8,26.9,18.8,0.5,0.5,3.0,10.9,25.9,10,2025-01-25T06:17,2025-01-25T17:20,27918.24,Kolkata,22.5726,88.3639
2025-01-26,0,20.4,25.3,16.2,0.0,0.0,0.0,10.1,28.8,350,2025-01-26T06:17,2025-01-26T17:20,37802.45,Kolkata,22.5726,88.3639
2025-01-27,3,19.6,25.1,13.6,0.0,0.0,0.0,10.2,29.5,306,2025-01-27T06:17,2025-01-27T17:21,38312.24,Kolkata,22.5726,88.3639
2025-01-28,1,20.6,27.2,13.9,0.0,0.0,0.0,8.6,21.6,267,2025-01-28T06:17,2025-01-28T17:22,38018.87,Kolkata,22.5726,88.3639
2025-01-29,51,22.5,28.3,17.5,0.1,0.1,1.0,9.3,23.0,182,2025-01-29T06:16,2025-01-29T17:22,32748.18,Kolkata,22.5726,88.3639
2025-01-30,51,24.0,30.1,19.8,0.1,0.1,1.0,16.0,38.9,201,2025-01-30T06:16,2025-01-30T17:23,36506.36,Kolkata,22.5726,88.3639
2025-01-31,51,24.7,30.3,20.5,0.1,0.1,1.0,10.8,29.2,215,2025-01-31T06:16,2025-01-31T17:24,29818.8,Kolkata,22.5726,88.3639
2025-02-01,51,24.9,29.7,21.5,0.4,0.4,4.0,7.7,23.4,218,2025-02-01T06:15,2025-02-01T17:24,23515.69,Kolkata,22.5726,88.3639
2025-02-02,51,24.9,30.0,21.0,0.1,0.1,1.0,7.9,24.5,275,2025-02-02T06:15,2025-02-02T17:25,24818.38,Kolkata,22.5726,88.3639
2025-02-03,3,24.9,30.8,20.5,0.0,0.0,0.0,8.5,24.1,360,2025-02-03T06:14,2025-02-03T17:26,28548.25,Kolkata,22.5726,88.3639
2025-02-04,3,24.0,29.1,18.6,0.0,0.0,0.0,9.1,28.4,329,2025-02-04T06:14,2025-02-04T17:26,38894.54,Kolkata,22.5726,88.3639
2025-02-05,3,24.8,30.9,18.0,0.0,0.0,0.0,9.7,28.8,264,2025-02-05T06:14,2025-02-05T17:27,39130.84,Kolkata,22.5726,88.3639
2025-02-06,0,25.6,30.6,21.1,0.0,0.0,0.0,11.4,32.8,331,2025-02-06T06:13,2025-02-06T17:28,39257.41,Kolkata,22.5726,88.3639
2025-02-07,0,22.6,27.5,18.0,0.0,0.0,0.0,9.0,27.4,333,2025-02-07T06:13,2025-02-07T17:28,39294.76,Kolkata,22.5726,88.3639
2025-02-08,0,21.6,27.6,15.7,0.0,0.0,0.0,11.1,31.7,340,2025-02-08T06:12,2025-02-08T17:29,39331.71,Kolkata,22.5726,88.3639
2025-02-09,0,22.0,27.6,15.2,0.0,0.0,0.0,9.8,29.9,295,2025-02-09T06:12,2025-02-09T17:29,39368.23,Kolkata,22.5726,88.3639
2025-02-10,0,23.6,30.7,16.1,0.0,0.0,0.0,9.9,25.2,237,2025-02-10T06:11,2025-02-10T17:30,39404.31,Kolkata,22.5726,88.3639
2025-02-11,3,25.2,31.2,20.6,0.0,0.0,0.0,9.7,28.4,236,2025-02-11T06:10,2025-02-11T17:31,35839.9,Kolkata,22.5726,88.3639
2025-02-12,3,25.9,32.3,20.4,0.0,0.0,0.0,8.3,23.0,226,2025-02-12T06:10,2025-02-12T17:31,28675.0,Kolkata,22.5726,88.3639
2025-02-13,51,26.1,31.4,22.4,0.3,0.3,3.0,9.7,28.4,291,2025-02-13T06:09,2025-02-13T17:32,30803.88,Kolkata,22.5726,88.3639
2025-02-14,0,23.8,29.0,18.5,0.0,0.0,0.0,11.3,33.1,313,2025-02-14T06:09,2025-02-14T17:32,39543.61,Kolkata,22.5726,88.3639
2025-02-15,1,24.1,30.8,16.8,0.0,0.0,0.0,12.0,32.0,290,2025-02-15T06:08,2025-02-15T17:33,39577.08,Kolkata,22.5726,88.3639
2025-02-16,1,24.9,32.0,18.1,0.0,0.0,0.0,12.8,34.6,226,2025-02-16T06:07,2025-02-16T17:33,39366.29,Kolkata,22.5726,88.3639
2025-02-17,3,26.3,32.3,21.1,0.0,0.0,0.0,12.5,35.6,203,2025-02-17T06:07,2025-02-17T17:34,32400.0,Kolkata,22.5726,88.3639
2025-02-18,63,25.5,32.4,21.5,7.2,7.2,3.0,17.4,38.9,235,2025-02-18T06:06,2025-02-18T17:34,38586.13,Kolkata,22.5726,88.3639
2025-02-19,65,23.3,28.3,20.1,19.3,19.3,5.0,9.5,29.9,159,2025-02-19T06:05,2025-02-19T17:35,32286.51,Kolkata,22.5726,88.3639
2025-02-20,61,22.8,26.9,20.0,4.2,4.2,5.0,8.1,36.7,140,2025-02-20T06:05,2025-02-20T17:35,30620.44,Kolkata,22.5726,88.3639
2025-02-21,2,23.8,29.0,18.5,0.0,0.0,0.0,8.3,19.8,260,2025-02-21T06:04,2025-02-21T17:36,39600.0,Kolkata,22.5726,88.3639
2025-02-22,63,23.0,29.1,19.9,7.1,7.1,6.0,14.7,34.9,224,2025-02-22T06:03,2025-02-22T17:36,34115.08,Kolkata,22.5726,88.3639
2025-02-23,63,22.7,27.7,18.9,6.4,6.4,3.0,10.3,30.6,42,2025-02-23T06:02,2025-02-23T17:37,36000.0,Kolkata,22.5726,88.3639
2025-02-24,1,23.8,28.6,18.8,0.0,0.0,0.0,5.6,17.3,10,2025-02-24T06:02,2025-02-24T17:37,39600.0,Kolkata,22.5726,88.3639
2025-02-25,3,24.2,28.9,19.5,0.0,0.0,0.0,9.0,19.8,9,2025-02-25T06:01,2025-02-25T17:38,39600.0,Kolkata,22.5726,88.3639
2025-02-26,3,24.0,29.4,18.9,0.0,0.0,0.0,9.0,20.5,17,2025-02-26T06:00,2025-02-26T17:38,35328.95,Kolkata,22.5726,88.3639
2025-02-27,1,24.8,30.0,19.5,0.0,0.0,0.0,9.1,22.7,253,2025-02-27T05:59,2025-02-27T17:39,39121.92,Kolkata,22.5726,88.3639
2025-02-28,3,25.7,31.4,20.5,0.0,0.0,0.0,7.7,23.4,280,2025-02-28T05:58,2025-02-28T17:39,39600.0,Kolkata,22.5726,88.3639
2025-03-01,0,27.5,34.4,21.6,0.0,0.0,0.0,13.5,35.3,211,2025-03-01T05:58,2025-03-01T17:40,39600.0,Kolkata,22.5726,88.3639
2025-03-02,3,28.2,34.4,22.6,0.0,0.0,0.0,10.9,28.8,244,2025-03-02T05:57,2025-03-02T17:40,39600.0,Kolkata,22.5726,88.3639
2025-03-03,3,28.8,33.9,23.4,0.0,0.0,0.0,10.8,31.0,359,2025-03-03T05:56,2025-03-03T17:41,39600.0,Kolkata,22.5726,88.3639
2025-03-04,2,27.8,32.9,22.9,0.0,0.0,0.0,11.6,33.1,315,2025-03-04T05:55,2025-03-04T17:41,39600.0,Kolkata,22.5726,88.3639
2025-03-05,0,27.3,32.4,21.5,0.0,0.0,0.0,10.9,32.8,279,2025-03-05T05:54,2025-03-05T17:41,39600.0,Kolkata,22.5726,88.3639
2025-03-06,0,24.7,29.5,20.3,0.0,0.0,0.0,11.3,31.7,334,2025-03-06T05:53,2025-03-06T17:42,39623.38,Kolkata,22.5726,88.3639
2025-03-07,0,24.9,30.9,18.3,0.0,0.0,0.0,10.6,31.7,252,2025-03-07T05:52,2025-03-07T17:42,39600.0,Kolkata,22.5726,88.3639
2025-03-08,2,26.1,32.9,19.6,0.0,0.0,0.0,12.5,34.9,226,2025-03-08T05:52,2025-03-08T17:43,39600.0,Kolkata,22.5726,88.3639
2025-03-09,3,27.6,33.7,22.3,0.0,0.0,0.0,9.3,27.4,202,2025-03-09T05:51,2025-03-09T17:43,36000.0,Kolkata,22.5726,88.3639
2025-03-10,3,28.0,35.5,21.8,0.0,0.0,0.0,11.2,31.0,255,2025-03-10T05:50,2025-03-10T17:44,35937.22,Kolkata,22.5726,88.3639
2025-03-11,0,28.3,34.5,22.4,0.0,0.0,0.0,13.4,37.1,231,2025-03-11T05:49,2025-03-11T17:44,39737.76,Kolkata,22.5726,88.3639
2025-03-12,0,28.8,36.1,21.9,0.0,0.0,0.0,13.8,33.1,224,2025-03-12T05:48,2025-03-12T17:44,39959.23,Kolkata,22.5726,88.3639
2025-03-13,0,30.1,37.1,24.1,0.0,0.0,0.0,12.5,31.7,217,2025-03-13T05:47,2025-03-13T17:45,39930.68,Kolkata,22.5726,88.3639
2025-03-14,0,30.5,37.9,24.6,0.0,0.0,0.0,10.5,28.4,222,2025-03-14T05:46,2025-03-14T17:45,39901.9,Kolkata,22.5726,88.3639
2025-03-15,2,31.1,39.1,25.3,0.0,0.0,0.0,14.8,35.6,213,2025-03-15T05:45,2025-03-15T17:45,39623.62,Kolkata,22.5726,88.3639
2025-03-16,65,30.9,39.6,25.1,12.3,12.3,3.0,14.5,40.7,209,2025-03-16T05:44,2025-03-16T17:46,39600.0,Kolkata,22.5726,88.3639
2025-03-17,65,28.9,37.2,24.9,9.0,9.0,2.0,15.9,50.4,141,2025-03-17T05:43,2025-03-17T17:46,39203.23,Kolkata,22.5726,88.3639
2025-03-18,3,30.3,35.8,24.3,0.0,0.0,0.0,11.5,33.1,312,2025-03-18T05:42,2025-03-18T17:47,39600.0,Kolkata,22.5726,88.3639
2025-03-19,0,29.8,36.9,23.7,0.0,0.0,0.0,12.6,32.0,224,2025-03-19T05:41,2025-03-19T17:47,40503.54,Kolkata,22.5726,88.3639
2025-03-20,53,29.2,34.6,25.5,0.8,0.8,1.0,14.9,42.8,155,2025-03-20T05:40,2025-03-20T17:47,38215.42,Kolkata,22.5726,88.3639
2025-03-21,55,27.5,34.6,22.4,3.5,3.5,7.0,12.0,32.0,351,2025-03-21T05:39,2025-03-21T17:48,32996.06,Kolkata,22.5726,88.3639
2025-03-22,61,23.0,26.1,21.2,8.9,8.9,9.0,15.7,37.1,237,2025-03-22T05:38,2025-03-22T17:48,5607.27,Kolkata,22.5726,88.3639
2025-03-23,55,24.2,28.9,20.7,2.0,2.0,3.0,7.9,24.5,124,2025-03-23T05:37,2025-03-23T17:48,39600.0,Kolkata,22.5726,88.3639
2025-03-24,1,26.1,31.7,20.2,0.0,0.0,0.0,10.4,27.7,8,2025-03-24T05:36,2025-03-24T17:49,41106.2,Kolkata,22.5726,88.3639
2025-03-25,1,27.8,33.3,20.5,0.0,0.0,0.0,9.7,29.2,265,2025-03-25T05:36,2025-03-25T17:49,41576.42,Kolkata,22.5726,88.3639
2025-03-26,0,29.5,36.4,23.1,0.0,0.0,0.0,13.2,32.8,224,2025-03-26T05:35,2025-03-26T17:49,41797.96,Kolkata,22.5726,88.3639
2025-03-27,0,30.8,37.9,24.0,0.0,0.0,0.0,13.4,37.1,238,2025-03-27T05:34,2025-03-27T17:50,42020.06,Kolkata,22.5726,88.3639
2025-03-28,1,31.8,39.6,25.2,0.0,0.0,0.0,13.3,36.4,235,2025-03-28T05:33,2025-03-28T17:50,42492.16,Kolkata,22.5726,88.3639
2025-03-29,0,31.7,38.2,25.7,0.0,0.0,0.0,12.0,32.4,265,2025-03-29T05:32,2025-03-29T17:50,42465.96,Kolkata,22.5726,88.3639
2025-03-30,3,31.0,38.2,25.7,0.0,0.0,0.0,11.7,33.1,220,2025-03-30T05:31,2025-03-30T17:51,36000.0,Kolkata,22.5726,88.3639
2025-03-31,51,30.6,37.3,26.2,0.1,0.1,1.0,14.7,34.2,210,2025-03-31T05:30,2025-03-31T17:51,41415.17,Kolkata,22.5726,88.3639
2025-04-01,1,30.4,37.1,26.0,0.0,0.0,0.0,13.8,33.8,209,2025-04-01T05:29,2025-04-01T17:52,41388.7,Kolkata,22.5726,88.3639
2025-04-02,51,30.7,37.9,25.9,0.1,0.1,1.0,17.2,41.4,217,2025-04-02T05:28,2025-04-02T17:52,42611.89,Kolkata,22.5726,88.3639
2025-04-03,3,30.9,37.8,25.5,0.0,0.0,0.0,10.5,29.9,225,2025-04-03T05:27,2025-04-03T17:52,38338.11,Kolkata,22.5726,88.3639
2025-04-04,3,29.9,33.6,25.7,0.0,0.0,0.0,9.8,25.9,235,2025-04-04T05:26,2025-04-04T17:53,13215.86,Kolkata,22.5726,88.3639
2025-04-05,1,31.6,38.4,25.8,0.0,0.0,0.0,13.4,36.4,228,2025-04-05T05:25,2025-04-05T17:53,43200.0,Kolkata,22.5726,88.3639
2025-04-06,55,31.0,37.5,26.4,1.6,1.6,3.0,17.1,49.7,184,2025-04-06T05:24,2025-04-06T17:53,39600.0,Kolkata,22.5726,88.3639
2025-04-07,51,30.2,37.0,26.1,0.2,0.2,2.0,17.0,45.4,164,2025-04-07T05:23,2025-04-07T17:54,36610.74,Kolkata,22.5726,88.3639
2025-04-08,63,29.5,36.2,26.1,3.1,3.1,3.0,13.4,48.2,167,2025-04-08T05:22,2025-04-08T17:54,37969.8,Kolkata,22.5726,88.3639
2025-04-09,63,30.0,36.1,24.9,3.6,3.6,4.0,14.6,34.2,191,2025-04-09T05:21,2025-04-09T17:54,43200.0,Kolkata,22.5726,88.3639
2025-04-10,53,29.3,35.5,24.1,2.3,2.3,5.0,15.5,38.5,187,2025-04-10T05:21,2025-04-10T17:55,42931.86,Kolkata,22.5726,88.3639
2025-04-11,3,28.2,33.1,23.1,0.0,0.0,0.0,7.8,24.8,154,2025-04-11T05:20,2025-04-11T17:55,34416.62,Kolkata,22.5726,88.3639
2025-04-12,65,29.2,37.7,25.1,9.3,9.3,2.0,11.1,31.3,181,2025-04-12T05:19,2025-04-12T17:55,36000.0,Kolkata,22.5726,88.3639
2025-04-13,53,28.9,34.2,25.3,0.6,0.6,1.0,9.1,23.4,157,2025-04-13T05:18,2025-04-13T17:56,39789.92,Kolkata,22.5726,88.3639
2025-04-14,63,28.7,34.0,24.6,6.4,6.4,7.0,18.0,38.9,104,2025-04-14T05:17,2025-04-14T17:56,37863.2,Kolkata,22.5726,88.3639
2025-04-15,53,28.5,35.5,23.9,0.7,0.7,2.0,9.6,32.8,166,2025-04-15T05:16,2025-04-15T17:57,42636.59,Kolkata,22.5726,88.3639
2025-04-16,61,29.1,34.9,25.3,2.7,2.7,4.0,13.2,36.4,195,2025-04-16T05:15,2025-04-16T17:57,33946.42,Kolkata,22.5726,88.3639
2025-04-17,65,27.0,34.4,23.5,20.2,20.2,9.0,19.0,55.1,177,2025-04-17T05:14,2025-04-17T17:57,31216.38,Kolkata,22.5726,88.3639
2025-04-18,63,26.8,31.7,23.6,8.6,8.6,8.0,10.5,33.8,164,2025-04-18T05:14,2025-04-18T17:58,37466.22,Kolkata,22.5726,88.3639
2025-04-19,55,27.6,31.7,24.2,2.1,2.1,9.0,8.9,24.8,115,2025-04-19T05:13,2025-04-19T17:58,30067.13,Kolkata,22.5726,88.3639
2025-04-20,63,30.0,36.2,26.4,7.7,7.7,7.0,12.6,28.1,192,2025-04-20T05:12,2025-04-20T17:59,42213.99,Kolkata,22.5726,88.3639
2025-04-21,3,31.1,35.9,28.1,0.0,0.0,0.0,16.8,41.0,188,2025-04-21T05:11,2025-04-21T17:59,43200.0,Kolkata,22.5726,88.3639
2025-04-22,51,31.3,36.6,27.7,0.1,0.1,1.0,17.3,40.3,188,2025-04-22T05:10,2025-04-22T17:59,39600.0,Kolkata,22.5726,88.3639
2025-04-23,0,33.1,42.1,27.7,0.0,0.0,0.0,15.3,38.2,205,2025-04-23T05:10,2025-04-23T18:00,43200.0,Kolkata,22.5726,88.3639
2025-04-24,2,32.5,38.3,27.9,0.0,0.0,0.0,18.7,41.4,190,2025-04-24T05:09,2025-04-24T18:00,43200.0,Kolkata,22.5726,88.3639
2025-04-25,3,32.7,39.3,28.3,0.0,0.0,0.0,18.5,42.1,191,2025-04-25T05:08,2025-04-25T18:01,41063.59,Kolkata,22.5726,88.3639
2025-04-26,63,31.5,37.5,27.9,6.1,6.1,3.0,18.6,46.1,191,2025-04-26T05:07,2025-04-26T18:01,38206.01,Kolkata,22.5726,88.3639
2025-04-27,3,32.1,38.1,28.2,0.0,0.0,0.0,12.3,32.0,211,2025-04-27T05:07,2025-04-27T18:01,32558.8,Kolkata,22.5726,88.3639
2025-04-28,63,28.7,31.2,26.5,5.6,5.6,7.0,10.1,28.1,95,2025-04-28T05:06,2025-04-28T18:02,27769.25,Kolkata,22.5726,88.3639
2025-04-29,63,26.2,32.0,23.6,14.3,14.3,5.0,17.3,38.5,86,2025-04-29T05:05,2025-04-29T18:02,38134.16,Kolkata,22.5726,88.3639
2025-04-30,61,26.3,31.3,23.4,2.5,2.5,4.0,7.6,27.7,63,2025-04-30T05:05,2025-04-30T18:03,35124.95,Kolkata,22.5726,88.3639
2025-05-01,61,26.5,31.7,23.3,3.5,3.5,4.0,18.5,42.1,53,2025-05-01T05:04,2025-05-01T18:03,40833.58,Kolkata,22.5726,88.3639
2025-05-02,2,26.6,30.9,22.2,0.0,0.0,0.0,7.8,17.6,204,2025-05-02T05:03,2025-05-02T18:04,41040.86,Kolkata,22.5726,88.3639
2025-05-03,61,27.6,32.9,24.4,2.3,2.3,4.0,12.9,38.9,174,2025-05-03T05:02,2025-05-03T18:04,43200.0,Kolkata,22.5726,88.3639
2025-05-04,63,27.2,31.4,24.7,8.7,8.7,10.0,9.9,36.7,161,2025-05-04T05:02,2025-05-04T18:04,39164.11,Kolkata,22.5726,88.3639
2025-05-05,51,29.2,34.2,24.6,0.1,0.1,1.0,8.1,20.9,161,2025-05-05T05:01,2025-05-05T18:05,41094.12,Kolkata,22.5726,88.3639
2025-05-06,65,28.8,34.6,26.3,9.1,9.1,8.0,10.0,28.4,197,2025-05-06T05:01,2025-05-06T18:05,42329.49,Kolkata,22.5726,88.3639
2025-05-07,3,29.9,35.3,24.9,0.0,0.0,0.0,10.6,27.7,209,2025-05-07T05:00,2025-05-07T18:06,43062.67,Kolkata,22.5726,88.3639
2025-05-08,3,32.0,38.2,27.4,0.0,0.0,0.0,10.5,26.6,231,2025-05-08T05:00,2025-05-08T18:06,37375.29,Kolkata,22.5726,88.3639
2025-05-09,2,33.0,39.1,27.5,0.0,0.0,0.0,11.2,32.4,251,2025-05-09T04:59,2025-05-09T18:07,41251.02,Kolkata,22.5726,88.3639
2025-05-10,1,33.6,39.6,28.3,0.0,0.0,0.0,11.4,35.3,244,2025-05-10T04:58,2025-05-10T18:07,43200.0,Kolkata,22.5726,88.3639
2025-05-11,3,34.3,40.2,29.0,0.0,0.0,0.0,12.7,34.6,240,2025-05-11T04:58,2025-05-11T18:08,43200.0,Kolkata,22.5726,88.3639
2025-05-12,53,33.6,40.0,29.6,1.0,1.0,2.0,16.4,43.9,219,2025-05-12T04:57,2025-05-12T18:08,43200.0,Kolkata,22.5726,88.3639
2025-05-13,51,32.5,38.2,29.4,0.4,0.4,2.0,13.9,37.1,199,2025-05-13T04:57,2025-05-13T18:08,39500.7,Kolkata,22.5726,88.3639
2025-05-14,51,32.8,37.9,28.9,0.1,0.1,1.0,15.6,38.5,195,2025-05-14T04:57,2025-05-14T18:09,40813.24,Kolkata,22.5726,88.3639
2025-05-15,63,32.2,38.1,29.3,3.8,3.8,3.0,16.6,40.7,186,2025-05-15T04:56,2025-05-15T18:09,39600.0,Kolkata,22.5726,88.3639
2025-05-16,61,32.0,36.8,29.1,2.5,2.5,4.0,14.2,36.7,192,2025-05-16T04:56,2025-05-16T18:10,42150.0,Kolkata,22.5726,88.3639
2025-05-17,53,31.7,36.9,28.5,1.1,1.1,4.0,20.9,48.6,184,2025-05-17T04:55,2025-05-17T18:10,41733.7,Kolkata,22.5726,88.3639
2025-05-18,55,30.0,33.9,28.2,3.2,3.2,6.0,18.7,47.5,171,2025-05-18T04:55,2025-05-18T18:11,28570.25,Kolkata,22.5726,88.3639
2025-05-19,61,30.9,36.9,25.7,4.2,4.2,8.0,12.2,40.3,177,2025-05-19T04:54,2025-05-19T18:11,36192.92,Kolkata,22.5726,88.3639
2025-05-20,63,31.1,36.1,26.8,8.3,8.3,5.0,15.9,45.0,192,2025-05-20T04:54,2025-05-20T18:12,39447.32,Kolkata,22.5726,88.3639
2025-05-21,63,31.6,36.9,27.4,7.7,7.7,11.0,13.7,34.6,182,2025-05-21T04:54,2025-05-21T18:12,41975.83,Kolkata,22.5726,88.3639
2025-05-22,61,29.5,33.2,26.3,5.2,5.2,7.0,12.1,25.9,135,2025-05-22T04:53,2025-05-22T18:13,36000.0,Kolkata,22.5726,88.3639
2025-05-23,63,28.3,32.9,26.8,9.0,9.0,8.0,13.3,31.0,120,2025-05-23T04:53,2025-05-23T18:13,27947.07,Kolkata,22.5726,88.3639
2025-05-24,53,29.1,33.5,25.8,4.9,4.9,13.0,7.6,23.8,75,2025-05-24T04:53,2025-05-24T18:14,31693.2,Kolkata,22.5726,88.3639
2025-05-25,63,28.6,31.5,26.1,11.4,11.4,12.0,10.9,28.4,122,2025-05-25T04:53,2025-05-25T18:14,27153.16,Kolkata,22.5726,88.3639
2025-05-26,63,27.9,31.0,26.2,11.9,11.9,11.0,12.0,28.8,99,2025-05-26T04:52,2025-05-26T18:14,26252.5,Kolkata,22.5726,88.3639
2025-05-27,63,28.1,30.5,26.1,5.5,5.5,11.0,15.7,40.0,78,2025-05-27T04:52,2025-05-27T18:15,15501.34,Kolkata,22.5726,88.3639
2025-05-28,63,28.1,30.7,26.5,7.5,7.5,9.0,18.9,47.9,60,2025-05-28T04:52,2025-05-28T18:15,20372.92,Kolkata,22.5726,88.3639
2025-05-29,65,27.1,30.1,25.5,28.8,28.8,18.0,17.0,40.7,5,2025-05-29T04:52,2025-05-29T18:16,8691.58,Kolkata,22.5726,88.3639
2025-05-30,61,29.3,33.6,26.1,3.2,3.2,4.0,16.8,39.6,251,2025-05-30T04:52,2025-05-30T18:16,29948.77,Kolkata,22.5726,88.3639
2025-05-31,65,28.9,32.0,25.9,24.3,24.3,16.0,13.9,38.5,194,2025-05-31T04:51,2025-05-31T18:17,16206.5,Kolkata,22.5726,88.3639
2025-06-01,63,28.7,31.6,27.0,15.9,15.9,9.0,13.8,32.4,172,2025-06-01T04:51,2025-06-01T18:17,12200.22,Kolkata,22.5726,88.3639
2025-06-02,53,30.8,36.4,27.7,0.6,0.6,2.0,17.9,42.1,230,2025-06-02T04:51,2025-06-02T18:17,39600.0,Kolkata,22.5726,88.3639
2025-06-03,51,30.7,35.7,27.6,0.2,0.2,2.0,12.1,28.8,202,2025-06-03T04:51,2025-06-03T18:18,41922.56,Kolkata,22.5726,88.3639
2025-06-04,63,29.7,34.5,27.5,3.9,3.9,2.0,8.8,26.6,184,2025-06-04T04:51,2025-06-04T18:18,42135.54,Kolkata,22.5726,88.3639
2025-06-05,63,29.0,32.7,27.1,5.3,5.3,9.0,8.8,23.4,146,2025-06-05T04:51,2025-06-05T18:19,31168.4,Kolkata,22.5726,88.3639
2025-06-06,63,29.2,33.4,25.6,9.7,9.7,6.0,12.6,35.6,155,2025-06-06T04:51,2025-06-06T18:19,39600.0,Kolkata,22.5726,88.3639
2025-06-07,3,30.2,34.6,26.0,0.0,0.0,0.0,6.9,16.9,205,2025-06-07T04:51,2025-06-07T18:19,43200.0,Kolkata,22.5726,88.3639
2025-06-08,53,30.8,34.8,27.4,1.6,1.6,4.0,7.8,18.0,156,2025-06-08T04:51,2025-06-08T18:20,40675.18,Kolkata,22.5726,88.3639
2025-06-09,53,31.4,34.9,27.8,0.8,0.8,2.0,8.5,29.2,155,2025-06-09T04:51,2025-06-09T18:20,43200.0,Kolkata,22.5726,88.3639
2025-06-10,55,31.8,36.8,27.7,1.4,1.4,3.0,10.2,33.1,153,2025-06-10T04:51,2025-06-10T18:21,43200.0,Kolkata,22.5726,88.3639
2025-06-11,51,31.1,35.6,28.2,0.7,0.7,4.0,12.3,35.3,146,2025-06-11T04:51,2025-06-11T18:21,41206.9,Kolkata,22.5726,88.3639
2025-06-12,53,31.6,37.1,27.4,1.2,1.2,5.0,10.9,31.3,152,2025-06-12T04:51,2025-06-12T18:21,43041.06,Kolkata,22.5726,88.3639
2025-06-13,61,31.5,36.4,28.2,2.1,2.1,4.0,10.2,30.6,179,2025-06-13T04:51,2025-06-13T18:22,42990.59,Kolkata,22.5726,88.3639
2025-06-14,55,31.5,36.0,28.4,1.5,1.5,2.0,14.4,33.8,187,2025-06-14T04:51,2025-06-14T18:22,43200.0,Kolkata,22.5726,88.3639
2025-06-15,63,28.9,31.6,27.5,16.0,16.0,8.0,10.6,28.4,140,2025-06-15T04:51,2025-06-15T18:22,16265.49,Kolkata,22.5726,88.3639
2025-06-16,63,28.4,32.1,26.8,26.6,26.6,19.0,11.5,30.2,92,2025-06-16T04:51,2025-06-16T18:22,27271.72,Kolkata,22.5726,88.3639
2025-06-17,63,27.0,29.1,25.5,30.4,30.4,24.0,13.1,30.2,245,2025-06-17T04:52,2025-06-17T18:23,1988.71,Kolkata,22.5726,88.3639
2025-06-18,63,26.9,28.9,25.6,25.3,25.3,24.0,19.6,45.4,211,2025-06-18T04:52,2025-06-18T18:23,6224.83,Kolkata,22.5726,88.3639
2025-06-19,65,27.3,30.9,24.3,23.5,23.5,16.0,27.3,56.5,200,2025-06-19T04:52,2025-06-19T18:23,13278.16,Kolkata,22.5726,88.3639
2025-06-20,61,28.9,32.6,26.3,3.9,3.9,8.0,17.3,42.8,202,2025-06-20T04:52,2025-06-20T18:23,34198.61,Kolkata,22.5726,88.3639
2025-06-21,61,29.9,33.9,26.4,3.0,3.0,6.0,12.4,31.7,195,2025-06-21T04:52,2025-06-21T18:24,37435.86,Kolkata,22.5726,88.3639
2025-06-22,65,28.6,32.1,26.3,28.2,28.2,14.0,9.0,20.9,158,2025-06-22T04:53,2025-06-22T18:24,21814.27,Kolkata,22.5726,88.3639
2025-06-23,63,28.4,31.7,26.2,14.2,14.2,9.0,12.5,32.0,144,2025-06-23T04:53,2025-06-23T18:24,24576.03,Kolkata,22.5726,88.3639
2025-06-24,53,29.1,32.4,26.6,1.8,1.8,4.0,9.6,25.6,118,2025-06-24T04:53,2025-06-24T18:24,37988.67,Kolkata,22.5726,88.3639
2025-06-25,63,28.5,31.5,26.7,17.0,17.0,12.0,16.6,40.3,101,2025-06-25T04:53,2025-06-25T18:24,27883.12,Kolkata,22.5726,88.3639
2025-06-26,63,28.6,32.2,25.9,7.7,7.7,18.0,16.3,41.4,131,2025-06-26T04:54,2025-06-26T18:25,39600.0,Kolkata,22.5726,88.3639
2025-06-27,65,27.9,31.6,25.7,19.4,19.4,16.0,13.5,33.5,160,2025-06-27T04:54,2025-06-27T18:25,33412.6,Kolkata,22.5726,88.3639
2025-06-28,63,27.6,30.3,25.1,17.5,17.5,17.0,9.0,24.8,217,2025-06-28T04:54,2025-06-28T18:25,4685.16,Kolkata,22.5726,88.3639
2025-06-29,65,27.6,30.6,25.7,44.8,44.8,18.0,8.7,25.2,70,2025-06-29T04:55,2025-06-29T18:25,29424.41,Kolkata,22.5726,88.3639
2025-06-30,63,27.9,31.1,25.2,12.7,12.7,19.0,9.2,31.7,153,2025-06-30T04:55,2025-06-30T18:25,25466.07,Kolkata,22.5726,88.3639
2025-07-01,61,28.2,30.7,25.6,6.5,6.5,13.0,15.7,37.4,135,2025-07-01T04:55,2025-07-01T18:25,30428.59,Kolkata,22.5726,88.3639
2025-07-02,65,28.1,32.3,25.9,34.6,34.6,14.0,10.5,26.6,116,2025-07-02T04:56,2025-07-02T18:25,37848.89,Kolkata,22.5726,88.3639
2025-07-03,63,28.1,31.2,26.0,10.9,10.9,11.0,10.9,29.5,154,2025-07-03T04:56,2025-07-03T18:25,34004.24,Kolkata,22.5726,88.3639
2025-07-04,63,27.7,31.3,25.8,16.4,16.4,21.0,9.7,28.1,177,2025-07-04T04:56,2025-07-04T18:25,21906.45,Kolkata,22.5726,88.3639
2025-07-05,63,27.8,31.4,25.8,7.6,7.6,14.0,9.0,22.0,187,2025-07-05T04:57,2025-07-05T18:25,26844.06,Kolkata,22.5726,88.3639
2025-07-06,63,27.1,30.4,24.9,15.0,15.0,16.0,8.6,18.4,126,2025-07-06T04:57,2025-07-06T18:25,8717.14,Kolkata,22.5726,88.3639
2025-07-07,63,26.7,28.9,25.4,21.5,21.5,21.0,11.3,26.3,137,2025-07-07T04:57,2025-07-07T18:25,8221.32,Kolkata,22.5726,88.3639
2025-07-08,63,26.1,28.1,24.5,27.2,27.2,24.0,11.1,24.8,179,2025-07-08T04:58,2025-07-08T18:25,6194.04,Kolkata,22.5726,88.3639
2025-07-09,63,26.9,30.4,25.0,11.2,11.2,18.0,16.1,38.2,165,2025-07-09T04:58,2025-07-09T18:25,7200.0,Kolkata,22.5726,88.3639
2025-07-10,63,27.8,31.5,24.9,20.1,20.1,15.0,16.7,37.1,142,2025-07-10T04:58,2025-07-10T18:25,20288.69,Kolkata,22.5726,88.3639
2025-07-11,53,28.5,31.6,25.9,2.7,2.7,9.0,10.1,29.9,135,2025-07-11T04:59,2025-07-11T18:24,34318.36,Kolkata,22.5726,88.3639
2025-07-12,63,29.0,32.7,25.8,9.3,9.3,9.0,8.2,30.2,133,2025-07-12T04:59,2025-07-12T18:24,36000.0,Kolkata,22.5726,88.3639
2025-07-13,63,28.7,31.0,26.8,11.2,11.2,12.0,10.1,28.1,96,2025-07-13T05:00,2025-07-13T18:24,28120.38,Kolkata,22.5726,88.3639
2025-07-14,63,26.4,27.7,25.4,35.7,35.7,23.0,22.7,44.6,304,2025-07-14T05:00,2025-07-14T18:24,0.0,Kolkata,22.5726,88.3639
2025-07-15,65,27.5,30.8,25.3,26.1,26.1,20.0,13.8,34.2,184,2025-07-15T05:00,2025-07-15T18:24,13002.38,Kolkata,22.5726,88.3639
2025-07-16,53,28.5,32.0,26.4,2.3,2.3,8.0,13.5,35.6,162,2025-07-16T05:01,2025-07-16T18:24,22333.54,Kolkata,22.5726,88.3639
2025-07-17,53,29.5,32.7,26.8,1.0,1.0,2.0,12.6,32.0,170,2025-07-17T05:01,2025-07-17T18:23,37452.98,Kolkata,22.5726,88.3639
2025-07-18,63,29.0,33.0,27.0,8.4,8.4,15.0,8.5,33.1,189,2025-07-18T05:02,2025-07-18T18:23,30880.23,Kolkata,22.5726,88.3639
2025-07-19,61,29.9,33.3,27.3,3.0,3.0,7.0,10.5,25.9,194,2025-07-19T05:02,2025-07-19T18:23,43200.0,Kolkata,22.5726,88.3639
2025-07-20,63,29.8,33.3,27.5,8.1,8.1,6.0,8.5,23.4,178,2025-07-20T05:03,2025-07-20T18:22,37217.29,Kolkata,22.5726,88.3639
2025-07-21,61,29.3,33.3,27.6,2.3,2.3,8.0,10.3,30.6,170,2025-07-21T05:03,2025-07-21T18:22,34483.68,Kolkata,22.5726,88.3639
2025-07-22,51,30.0,33.7,27.2,0.5,0.5,5.0,10.5,31.3,203,2025-07-22T05:03,2025-07-22T18:22,37324.59,Kolkata,22.5726,88.3639
2025-07-23,51,30.9,34.3,27.5,0.8,0.8,6.0,12.0,27.7,180,2025-07-23T05:04,2025-07-23T18:21,43882.04,Kolkata,22.5726,88.3639
2025-07-24,63,29.9,33.0,27.2,10.5,10.5,10.0,9.7,25.2,32,2025-07-24T05:04,2025-07-24T18:21,25200.0,Kolkata,22.5726,88.3639
2025-07-25,63,27.8,30.8,26.1,17.9,17.9,19.0,18.7,42.8,120,2025-07-25T05:05,2025-07-25T18:21,18995.4,Kolkata,22.5726,88.3639
2025-07-26,63,28.3,30.9,26.2,6.5,6.5,14.0,16.8,44.3,155,2025-07-26T05:05,2025-07-26T18:20,34705.11,Kolkata,22.5726,88.3639
2025-07-27,63,29.2,32.9,26.5,6.1,6.1,8.0,9.9,31.0,198,2025-07-27T05:06,2025-07-27T18:20,34619.19,Kolkata,22.5726,88.3639
2025-07-28,63,28.3,30.6,27.2,15.9,15.9,18.0,10.3,31.3,220,2025-07-28T05:06,2025-07-28T18:19,9724.54,Kolkata,22.5726,88.3639
2025-07-29,65,27.5,29.0,25.7,52.3,52.3,16.0,11.3,28.4,185,2025-07-29T05:06,2025-07-29T18:19,6642.92,Kolkata,22.5726,88.3639
2025-07-30,65,27.2,29.6,25.2,18.7,18.7,18.0,12.6,33.8,167,2025-07-30T05:07,2025-07-30T18:18,21256.71,Kolkata,22.5726,88.3639
2025-07-31,65,27.3,30.0,25.0,46.6,46.6,18.0,13.2,30.6,216,2025-07-31T05:07,2025-07-31T18:18,12420.41,Kolkata,22.5726,88.3639
2025-08-01,63,28.7,32.0,25.7,11.9,11.9,16.0,11.8,30.2,220,2025-08-01T05:08,2025-08-01T18:17,39809.35,Kolkata,22.5726,88.3639
2025-08-02,65,28.9,32.2,26.3,20.9,20.9,13.0,11.4,29.9,183,2025-08-02T05:08,2025-08-02T18:17,17482.05,Kolkata,22.5726,88.3639
2025-08-03,63,29.0,32.4,26.9,8.2,8.2,15.0,16.1,42.1,187,2025-08-03T05:08,2025-08-03T18:16,40288.79,Kolkata,22.5726,88.3639
2025-08-04,63,28.9,31.8,26.1,16.9,16.9,11.0,11.7,32.8,201,2025-08-04T05:09,2025-08-04T18:15,17567.9,Kolkata,22.5726,88.3639
2025-08-05,65,28.4,32.4,26.3,17.7,17.7,13.0,19.9,43.9,195,2025-08-05T05:09,2025-08-05T18:15,25341.51,Kolkata,22.5726,88.3639
2025-08-06,63,27.4,30.1,25.1,17.7,17.7,13.0,8.8,31.3,218,2025-08-06T05:10,2025-08-06T18:14,6107.68,Kolkata,22.5726,88.3639
2025-08-07,65,27.5,31.8,25.5,14.3,14.3,12.0,14.1,36.0,194,2025-08-07T05:10,2025-08-07T18:14,27980.61,Kolkata,22.5726,88.3639
2025-08-08,61,27.4,30.8,24.6,3.4,3.4,10.0,11.7,27.4,189,2025-08-08T05:10,2025-08-08T18:13,16329.7,Kolkata,22.5726,88.3639
2025-08-09,63,27.9,31.8,25.1,6.9,6.9,5.0,14.7,34.9,181,2025-08-09T05:11,2025-08-09T18:12,34914.21,Kolkata,22.5726,88.3639
2025-08-10,51,29.6,32.9,26.7,0.3,0.3,3.0,13.8,32.8,197,2025-08-10T05:11,2025-08-10T18:12,43200.0,Kolkata,22.5726,88.3639
2025-08-11,63,29.3,32.7,27.0,7.2,7.2,7.0,10.6,29.2,196,2025-08-11T05:12,2025-08-11T18:11,42541.91,Kolkata,22.5726,88.3639
2025-08-12,63,29.8,33.6,27.3,6.2,6.2,5.0,10.5,28.1,175,2025-08-12T05:12,2025-08-12T18:10,39600.0,Kolkata,22.5726,88.3639
2025-08-13,63,28.2,31.3,27.0,15.4,15.4,11.0,12.1,29.5,120,2025-08-13T05:12,2025-08-13T18:09,10479.18,Kolkata,22.5726,88.3639
2025-08-14,63,27.8,30.5,25.6,17.5,17.5,14.0,12.3,36.0,112,2025-08-14T05:13,2025-08-14T18:09,17299.11,Kolkata,22.5726,88.3639
2025-08-15,63,28.1,31.6,25.2,7.9,7.9,15.0,12.3,29.5,130,2025-08-15T05:13,2025-08-15T18:08,34851.84,Kolkata,22.5726,88.3639
2025-08-16,63,28.8,32.2,26.4,3.4,3.4,8.0,10.5,30.2,117,2025-08-16T05:14,2025-08-16T18:07,36000.0,Kolkata,22.5726,88.3639
2025-08-17,63,28.9,32.1,26.9,10.5,10.5,11.0,13.3,42.1,102,2025-08-17T05:14,2025-08-17T18:06,36223.87,Kolkata,22.5726,88.3639
2025-08-18,63,28.2,31.7,26.3,10.5,10.5,9.0,18.0,46.8,109,2025-08-18T05:14,2025-08-18T18:06,39574.85,Kolkata,22.5726,88.3639
2025-08-19,63,27.7,30.1,25.7,10.0,10.0,14.0,17.9,45.7,126,2025-08-19T05:15,2025-08-19T18:05,35088.86,Kolkata,22.5726,88.3639
2025-08-20,53,27.8,30.1,25.6,2.1,2.1,9.0,17.6,41.0,148,2025-08-20T05:15,2025-08-20T18:04,33860.3,Kolkata,22.5726,88.3639
2025-08-21,63,26.7,29.2,24.9,35.7,35.7,24.0,13.6,34.9,174,2025-08-21T05:15,2025-08-21T18:03,3173.58,Kolkata,22.5726,88.3639
2025-08-22,65,26.6,30.0,24.7,30.9,30.9,23.0,13.4,32.0,214,2025-08-22T05:16,2025-08-22T18:02,13186.69,Kolkata,22.5726,88.3639
2025-08-23,63,26.5,28.5,24.7,12.0,12.0,15.0,13.9,32.8,203,2025-08-23T05:16,2025-08-23T18:01,11599.66,Kolkata,22.5726,88.3639
2025-08-24,53,27.5,30.6,25.0,6.4,6.4,15.0,17.2,42.5,188,2025-08-24T05:16,2025-08-24T18:01,34333.13,Kolkata,22.5726,88.3639
2025-08-25,61,28.1,31.8,24.9,4.1,4.1,12.0,8.2,27.4,123,2025-08-25T05:17,2025-08-25T18:00,41326.35,Kolkata,22.5726,88.3639
2025-08-26,61,28.7,32.0,26.1,2.2,2.2,8.0,10.9,31.0,111,2025-08-26T05:17,2025-08-26T17:59,43200.0,Kolkata,22.5726,88.3639
2025-08-27,61,28.2,31.8,26.0,5.7,5.7,9.0,14.3,42.5,121,2025-08-27T05:17,2025-08-27T17:58,37809.32,Kolkata,22.5726,88.3639
2025-08-28,63,27.9,31.1,25.8,5.6,5.6,8.0,15.3,45.4,153,2025-08-28T05:18,2025-08-28T17:57,35744.92,Kolkata,22.5726,88.3639
2025-08-29,65,27.4,30.2,25.8,15.3,15.3,12.0,12.9,33.8,160,2025-08-29T05:18,2025-08-29T17:56,25200.0,Kolkata,22.5726,88.3639
2025-08-30,63,27.6,30.3,25.7,9.2,9.2,9.0,11.0,30.6,147,2025-08-30T05:18,2025-08-30T17:55,27676.61,Kolkata,22.5726,88.3639
2025-08-31,61,28.9,32.3,25.8,3.8,3.8,5.0,6.8,23.4,133,2025-08-31T05:18,2025-08-31T17:54,39828.05,Kolkata,22.5726,88.3639
2025-09-01,63,29.6,33.8,25.8,12.0,12.0,5.0,12.7,25.2,30,2025-09-01T05:19,2025-09-01T17:53,38063.38,Kolkata,22.5726,88.3639
2025-09-02,65,27.5,30.3,25.7,25.7,25.7,16.0,15.7,45.7,109,2025-09-02T05:19,2025-09-02T17:52,20751.72,Kolkata,22.5726,88.3639
2025-09-03,65,27.1,29.2,25.6,22.9,22.9,18.0,21.2,59.0,109,2025-09-03T05:19,2025-09-03T17:51,26396.95,Kolkata,22.5726,88.3639
2025-09-04,63,27.7,30.5,25.6,9.2,9.2,10.0,14.0,38.5,129,2025-09-04T05:20,2025-09-04T17:51,37091.79,Kolkata,22.5726,88.3639
2025-09-05,63,28.2,32.4,25.4,8.9,8.9,10.0,10.9,30.6,153,2025-09-05T05:20,2025-09-05T17:50,40038.2,Kolkata,22.5726,88.3639
2025-09-06,63,29.0,32.6,26.1,8.1,8.1,7.0,8.6,23.4,172,2025-09-06T05:20,2025-09-06T17:49,43200.0,Kolkata,22.5726,88.3639
2025-09-07,51,29.2,33.1,26.3,0.7,0.7,4.0,10.1,27.0,187,2025-09-07T05:21,2025-09-07T17:48,43200.0,Kolkata,22.5726,88.3639
2025-09-08,51,29.4,32.9,26.1,0.5,0.5,3.0,7.2,21.2,182,2025-09-08T05:21,2025-09-08T17:47,40337.63,Kolkata,22.5726,88.3639
2025-09-09,51,29.8,33.7,26.3,0.3,0.3,3.0,9.9,23.4,196,2025-09-09T05:21,2025-09-09T17:46,37732.4,Kolkata,22.5726,88.3639
2025-09-10,3,30.5,34.7,26.8,0.0,0.0,0.0,10.4,23.8,205,2025-09-10T05:21,2025-09-10T17:45,39695.13,Kolkata,22.5726,88.3639
2025-09-11,63,29.6,34.5,27.1,10.2,10.2,3.0,12.4,34.9,167,2025-09-11T05:22,2025-09-11T17:44,32451.07,Kolkata,22.5726,88.3639
2025-09-12,65,28.5,33.0,25.6,16.5,16.5,11.0,14.2,34.9,155,2025-09-12T05:22,2025-09-12T17:43,29556.99,Kolkata,22.5726,88.3639
2025-09-13,63,28.1,30.6,26.6,9.0,9.0,8.0,10.5,31.0,153,2025-09-13T05:22,2025-09-13T17:42,19122.24,Kolkata,22.5726,88.3639
2025-09-14,63,27.9,31.7,26.5,6.2,6.2,10.0,13.6,31.7,176,2025-09-14T05:23,2025-09-14T17:41,11536.6,Kolkata,22.5726,88.3639
2025-09-15,63,26.5,29.3,24.6,23.2,23.2,19.0,11.1,27.4,174,2025-09-15T05:23,2025-09-15T17:40,14400.0,Kolkata,22.5726,88.3639
2025-09-16,63,26.9,30.1,24.3,10.2,10.2,15.0,12.9,33.5,183,2025-09-16T05:23,2025-09-16T17:39,22765.63,Kolkata,22.5726,88.3639
2025-09-17,65,27.7,31.0,25.5,17.3,17.3,12.0,14.1,35.3,188,2025-09-17T05:23,2025-09-17T17:38,33918.57,Kolkata,22.5726,88.3639
2025-09-18,63,28.9,32.4,26.7,4.3,4.3,7.0,9.6,25.2,211,2025-09-18T05:24,2025-09-18T17:37,32361.21,Kolkata,22.5726,88.3639
2025-09-19,63,28.6,31.0,26.6,7.0,7.0,7.0,6.1,19.1,198,2025-09-19T05:24,2025-09-19T17:36,27543.75,Kolkata,22.5726,88.3639
2025-09-20,65,28.9,32.5,26.7,10.6,10.6,10.0,5.1,19.1,329,2025-09-20T05:24,2025-09-20T17:35,28940.0,Kolkata,22.5726,88.3639
2025-09-21,63,28.8,32.5,25.9,10.7,10.7,12.0,8.0,17.3,267,2025-09-21T05:25,2025-09-21T17:34,37554.56,Kolkata,22.5726,88.3639
2025-09-22,61,27.7,29.9,25.9,11.1,11.1,14.0,6.3,23.4,25,2025-09-22T05:25,2025-09-22T17:33,12367.94,Kolkata,22.5726,88.3639
2025-09-23,63,27.0,30.3,24.9,24.8,24.8,18.0,12.0,29.9,127,2025-09-23T05:25,2025-09-23T17:32,21945.53,Kolkata,22.5726,88.3639
2025-09-24,65,27.8,31.2,25.4,18.1,18.1,11.0,12.2,33.8,97,2025-09-24T05:26,2025-09-24T17:31,36319.86,Kolkata,22.5726,88.3639
2025-09-25,65,28.6,33.5,25.8,17.3,17.3,6.0,7.2,22.7,81,2025-09-25T05:26,2025-09-25T17:30,41239.52,Kolkata,22.5726,88.3639
2025-09-26,63,28.1,31.6,25.8,15.9,15.9,11.0,21.3,51.1,98,2025-09-26T05:26,2025-09-26T17:29,31854.78,Kolkata,22.5726,88.3639
2025-09-27,63,27.9,30.0,26.1,7.9,7.9,10.0,18.6,46.1,124,2025-09-27T05:26,2025-09-27T17:28,30881.23,Kolkata,22.5726,88.3639
2025-09-28,63,28.1,32.2,25.8,4.9,4.9,10.0,8.6,23.8,135,2025-09-28T05:27,2025-09-28T17:27,36024.99,Kolkata,22.5726,88.3639
2025-09-29,51,29.4,32.6,26.0,0.5,0.5,4.0,5.2,19.8,293,2025-09-29T05:27,2025-09-29T17:26,41947.72,Kolkata,22.5726,88.3639
2025-09-30,63,29.2,32.7,26.4,6.1,6.1,7.0,7.7,22.0,309,2025-09-30T05:27,2025-09-30T17:25,35908.23,Kolkata,22.5726,88.3639
2025-10-01,55,28.7,32.4,25.3,3.6,3.6,10.0,10.9,30.6,94,2025-10-01T05:28,2025-10-01T17:24,33831.13,Kolkata,22.5726,88.3639
2025-10-02,65,26.4,27.9,24.5,29.6,29.6,19.0,15.7,33.5,109,2025-10-02T05:28,2025-10-02T17:23,1076.84,Kolkata,22.5726,88.3639
2025-10-03,63,27.4,30.3,25.3,15.4,15.4,18.0,17.2,43.9,134,2025-10-03T05:28,2025-10-03T17:22,14286.08,Kolkata,22.5726,88.3639
2025-10-04,61,28.1,31.7,25.7,6.8,6.8,11.0,17.8,51.5,171,2025-10-04T05:29,2025-10-04T17:21,30321.14,Kolkata,22.5726,88.3639
2025-10-05,63,26.9,30.2,25.0,12.5,12.5,13.0,14.0,34.6,191,2025-10-05T05:29,2025-10-05T17:20,15193.08,Kolkata,22.5726,88.3639
2025-10-06,53,26.9,29.5,24.9,1.5,1.5,6.0,8.7,20.5,191,2025-10-06T05:29,2025-10-06T17:19,3564.01,Kolkata,22.5726,88.3639
2025-10-07,51,27.9,31.2,25.5,1.1,1.1,6.0,6.3,14.0,132,2025-10-07T05:30,2025-10-07T17:18,36828.04,Kolkata,22.5726,88.3639
2025-10-08,63,27.2,30.9,25.3,7.6,7.6,4.0,6.8,18.7,144,2025-10-08T05:30,2025-10-08T17:17,27798.06,Kolkata,22.5726,88.3639
2025-10-09,63,27.7,31.6,25.5,7.7,7.7,7.0,6.2,20.5,340,2025-10-09T05:30,2025-10-09T17:16,31676.25,Kolkata,22.5726,88.3639
2025-10-10,63,27.4,31.7,25.0,11.0,11.0,8.0,7.9,25.6,20,2025-10-10T05:31,2025-10-10T17:15,32445.18,Kolkata,22.5726,88.3639
2025-10-11,51,27.4,30.7,24.2,1.3,1.3,10.0,8.9,28.8,22,2025-10-11T05:31,2025-10-11T17:14,38170.9,Kolkata,22.5726,88.3639
2025-10-12,3,27.8,31.4,24.8,0.0,0.0,0.0,7.6,24.8,4,2025-10-12T05:32,2025-10-12T17:14,37706.58,Kolkata,22.5726,88.3639
2025-10-13,1,27.6,31.1,24.3,0.0,0.0,0.0,9.5,25.6,351,2025-10-13T05:32,2025-10-13T17:13,40322.49,Kolkata,22.5726,88.3639
2025-10-14,0,27.8,31.9,24.4,0.0,0.0,0.0,11.1,30.6,351,2025-10-14T05:32,2025-10-14T17:12,40325.83,Kolkata,22.5726,88.3639
2025-10-15,0,28.2,32.9,24.2,0.0,0.0,0.0,12.0,33.5,353,2025-10-15T05:33,2025-10-15T17:11,40328.61,Kolkata,22.5726,88.3639
2025-10-16,0,28.1,32.8,23.7,0.0,0.0,0.0,8.5,27.0,319,2025-10-16T05:33,2025-10-16T17:10,40077.57,Kolkata,22.5726,88.3639
2025-10-17,1,29.1,34.2,23.8,0.0,0.0,0.0,9.8,27.7,319,2025-10-17T05:34,2025-10-17T17:09,39571.74,Kolkata,22.5726,88.3639
2025-10-18,51,29.5,34.4,26.0,0.3,0.3,2.0,6.8,23.8,354,2025-10-18T05:34,2025-10-18T17:09,39032.76,Kolkata,22.5726,88.3639
2025-10-19,61,30.5,35.2,24.5,1.7,1.7,2.0,9.4,28.4,31,2025-10-19T05:34,2025-10-19T17:08,39285.49,Kolkata,22.5726,88.3639
2025-10-20,3,30.4,35.6,26.1,0.0,0.0,0.0,11.5,33.8,14,2025-10-20T05:35,2025-10-20T17:07,39571.27,Kolkata,22.5726,88.3639
2025-10-21,1,29.7,34.7,25.6,0.0,0.0,0.0,11.4,30.2,3,2025-10-21T05:35,2025-10-21T17:06,39569.81,Kolkata,22.5726,88.3639
2025-10-22,0,28.9,33.8,24.8,0.0,0.0,0.0,10.5,30.2,346,2025-10-22T05:36,2025-10-22T17:05,39567.64,Kolkata,22.5726,88.3639
2025-10-23,0,29.3,33.9,24.7,0.0,0.0,0.0,9.5,25.9,350,2025-10-23T05:36,2025-10-23T17:05,39053.2,Kolkata,22.5726,88.3639
2025-10-24,1,29.9,34.6,25.3,0.0,0.0,0.0,7.6,24.1,333,2025-10-24T05:37,2025-10-24T17:04,38945.84,Kolkata,22.5726,88.3639
2025-10-25,2,29.5,34.2,25.3,0.0,0.0,0.0,8.7,24.8,37,2025-10-25T05:37,2025-10-25T17:03,36859.33,Kolkata,22.5726,88.3639
2025-10-26,51,29.7,34.5,26.0,0.2,0.2,2.0,6.4,23.8,356,2025-10-26T05:38,2025-10-26T17:02,38167.46,Kolkata,22.5726,88.3639
2025-10-27,51,30.3,34.8,25.9,0.2,0.2,2.0,7.6,27.4,58,2025-10-27T05:38,2025-10-27T17:02,38188.24,Kolkata,22.5726,88.3639
2025-10-28,51,29.7,34.0,27.0,0.5,0.5,2.0,10.5,31.7,98,2025-10-28T05:39,2025-10-28T17:01,34460.67,Kolkata,22.5726,88.3639
2025-10-29,63,26.5,28.5,25.0,16.4,16.4,15.0,10.9,26.3,108,2025-10-29T05:39,2025-10-29T17:00,1455.24,Kolkata,22.5726,88.3639
2025-10-30,63,26.8,30.2,24.5,8.0,8.0,8.0,13.4,31.3,119,2025-10-30T05:40,2025-10-30T17:00,29135.5,Kolkata,22.5726,88.3639
2025-10-31,53,28.0,31.7,25.4,1.0,1.0,6.0,11.6,32.4,180,2025-10-31T05:40,2025-10-31T16:59,37233.94,Kolkata,22.5726,88.3639
2025-11-01,63,27.2,30.6,25.5,22.1,22.1,13.0,10.3,24.1,229,2025-11-01T05:41,2025-11-01T16:59,20417.15,Kolkata,22.5726,88.3639
2025-11-02,3,26.1,28.6,24.1,0.0,0.0,0.0,13.0,31.7,335,2025-11-02T05:41,2025-11-02T16:58,35372.58,Kolkata,22.5726,88.3639
2025-11-03,3,25.7,29.9,22.9,0.0,0.0,0.0,11.4,27.4,334,2025-11-03T05:42,2025-11-03T16:58,37557.45,Kolkata,22.5726,88.3639
2025-11-04,3,25.0,29.9,20.8,0.0,0.0,0.0,10.8,27.7,321,2025-11-04T05:42,2025-11-04T16:57,37579.13,Kolkata,22.5726,88.3639
2025-11-05,3,25.4,30.1,21.8,0.0,0.0,0.0,9.4,25.6,292,2025-11-05T05:43,2025-11-05T16:57,37338.94,Kolkata,22.5726,88.3639
2025-11-06,51,26.4,30.2,22.1,0.6,0.6,4.0,7.3,22.0,322,2025-11-06T05:43,2025-11-06T16:56,37360.96,Kolkata,22.5726,88.3639
2025-11-07,3,26.7,30.8,23.1,0.0,0.0,0.0,12.3,32.4,348,2025-11-07T05:44,2025-11-07T16:56,37120.07,Kolkata,22.5726,88.3639
2025-11-08,3,25.3,30.5,21.3,0.0,0.0,0.0,12.1,33.5,335,2025-11-08T05:45,2025-11-08T16:55,37405.94,Kolkata,22.5726,88.3639
2025-11-09,0,24.0,29.5,19.2,0.0,0.0,0.0,8.6,23.4,323,2025-11-09T05:45,2025-11-09T16:55,37428.88,Kolkata,22.5726,88.3639
2025-11-10,0,24.4,30.0,19.5,0.0,0.0,0.0,8.7,27.7,330,2025-11-10T05:46,2025-11-10T16:54,37187.42,Kolkata,22.5726,88.3639
2025-11-11,0,23.6,29.1,18.2,0.0,0.0,0.0,7.9,25.9,330,2025-11-11T05:46,2025-11-11T16:54,37210.38,Kolkata,22.5726,88.3639
2025-11-12,0,23.0,28.2,18.3,0.0,0.0,0.0,7.8,25.9,337,2025-11-12T05:47,2025-11-12T16:54,36967.97,Kolkata,22.5726,88.3639
2025-11-13,0,23.1,28.4,17.8,0.0,0.0,0.0,9.5,28.8,350,2025-11-13T05:48,2025-11-13T16:53,36990.78,Kolkata,22.5726,88.3639
2025-11-14,0,23.2,28.4,18.0,0.0,0.0,0.0,8.8,27.7,351,2025-11-14T05:48,2025-11-14T16:53,36747.26,Kolkata,22.5726,88.3639
2025-11-15,1,23.3,28.4,18.2,0.0,0.0,0.0,9.2,28.1,350,2025-11-15T05:49,2025-11-15T16:53,36769.83,Kolkata,22.5726,88.3639
2025-11-16,0,23.3,28.3,17.9,0.0,0.0,0.0,9.7,29.9,356,2025-11-16T05:50,2025-11-16T16:52,36525.1,Kolkata,22.5726,88.3639
2025-11-17,3,23.8,28.4,19.5,0.0,0.0,0.0,9.8,29.5,2,2025-11-17T05:50,2025-11-17T16:52,36547.36,Kolkata,22.5726,88.3639
2025-11-18,2,24.3,29.7,19.0,0.0,0.0,0.0,6.0,20.9,334,2025-11-18T05:51,2025-11-18T16:52,36301.34,Kolkata,22.5726,88.3639
2025-11-19,0,24.5,30.6,18.7,0.0,0.0,0.0,6.6,23.8,328,2025-11-19T05:52,2025-11-19T16:51,36323.15,Kolkata,22.5726,88.3639
2025-11-20,0,24.9,30.1,20.4,0.0,0.0,0.0,9.7,29.2,347,2025-11-20T05:52,2025-11-20T16:51,36344.92,Kolkata,22.5726,88.3639
2025-11-21,0,24.9,29.6,19.9,0.0,0.0,0.0,8.1,24.8,331,2025-11-21T05:53,2025-11-21T16:51,36097.07,Kolkata,22.5726,88.3639
2025-11-22,0,24.0,29.2,18.8,0.0,0.0,0.0,10.3,28.8,316,2025-11-22T05:54,2025-11-22T16:51,36118.26,Kolkata,22.5726,88.3639
2025-11-23,3,24.2,29.2,18.8,0.0,0.0,0.0,7.9,25.6,343,2025-11-23T05:54,2025-11-23T16:51,36139.35,Kolkata,22.5726,88.3639
2025-11-24,3,23.3,28.6,19.3,0.0,0.0,0.0,13.1,35.6,5,2025-11-24T05:55,2025-11-24T16:51,36000.0,Kolkata,22.5726,88.3639
2025-11-25,0,22.2,27.6,17.6,0.0,0.0,0.0,9.2,28.1,342,2025-11-25T05:55,2025-11-25T16:51,36000.0,Kolkata,22.5726,88.3639
2025-11-26,2,22.0,27.5,17.2,0.0,0.0,0.0,9.1,24.1,347,2025-11-26T05:56,2025-11-26T16:51,36000.0,Kolkata,22.5726,88.3639
2025-11-27,0,23.1,28.6,17.7,0.0,0.0,0.0,7.5,23.8,11,2025-11-27T05:57,2025-11-27T16:51,36000.0,Kolkata,22.5726,88.3639
2025-11-28,0,23.4,28.6,17.6,0.0,0.0,0.0,7.4,23.4,320,2025-11-28T05:58,2025-11-28T16:51,36000.0,Kolkata,22.5726,88.3639
2025-11-29,3,23.5,28.5,17.9,0.0,0.0,0.0,8.7,27.0,322,2025-11-29T05:58,2025-11-29T16:51,36000.0,Kolkata,22.5726,88.3639
2025-11-30,3,23.3,28.5,18.3,0.0,0.0,0.0,7.9,25.2,356,2025-11-30T05:59,2025-11-30T16:51,36000.0,Kolkata,22.5726,88.3639
2025-12-01,3,23.3,28.0,19.0,0.0,0.0,0.0,8.9,25.2,348,2025-12-01T06:00,2025-12-01T16:51,23829.89,Kolkata,22.5726,88.3639
2025-12-02,3,23.5,28.4,19.2,0.0,0.0,0.0,6.6,20.5,351,2025-12-02T06:00,2025-12-02T16:51,28800.0,Kolkata,22.5726,88.3639
2025-12-03,3,22.7,27.5,18.6,0.0,0.0,0.0,8.8,26.6,353,2025-12-03T06:01,2025-12-03T16:51,36000.0,Kolkata,22.5726,88.3639
2025-12-04,3,21.4,26.9,16.3,0.0,0.0,0.0,10.5,29.9,354,2025-12-04T06:02,2025-12-04T16:51,36000.0,Kolkata,22.5726,88.3639
2025-12-05,2,21.3,27.1,16.6,0.0,0.0,0.0,10.8,29.9,344,2025-12-05T06:02,2025-12-05T16:51,36000.0,Kolkata,22.5726,88.3639
2025-12-06,2,20.0,26.0,14.6,0.0,0.0,0.0,8.5,24.8,334,2025-12-06T06:03,2025-12-06T16:52,36000.0,Kolkata,22.5726,88.3639
2025-12-07,3,20.2,26.3,14.9,0.0,0.0,0.0,8.3,25.2,328,2025-12-07T06:04,2025-12-07T16:52,36000.0,Kolkata,22.5726,88.3639
2025-12-08,3,20.8,26.1,15.3,0.0,0.0,0.0,7.9,25.2,336,2025-12-08T06:04,2025-12-08T16:52,36000.0,Kolkata,22.5726,88.3639
2025-12-09,3,21.0,26.6,15.7,0.0,0.0,0.0,8.5,26.6,349,2025-12-09T06:05,2025-12-09T16:52,36000.0,Kolkata,22.5726,88.3639
2025-12-10,3,21.3,26.8,16.1,0.0,0.0,0.0,7.3,24.1,351,2025-12-10T06:06,2025-12-10T16:53,36000.0,Kolkata,22.5726,88.3639
2025-12-11,0,20.8,26.5,15.2,0.0,0.0,0.0,7.5,24.1,331,2025-12-11T06:06,2025-12-11T16:53,36000.0,Kolkata,22.5726,88.3639
2025-12-12,0,21.2,26.5,15.4,0.0,0.0,0.0,7.7,24.5,341,2025-12-12T06:07,2025-12-12T16:53,36000.0,Kolkata,22.5726,88.3639
2025-12-13,0,21.3,26.7,15.9,0.0,0.0,0.0,6.8,23.4,357,2025-12-13T06:07,2025-12-13T16:53,36000.0,Kolkata,22.5726,88.3639
2025-12-14,0,22.3,27.9,17.0,0.0,0.0,0.0,8.6,23.0,17,2025-12-14T06:08,2025-12-14T16:54,36000.0,Kolkata,22.5726,88.3639
2025-12-15,0,22.0,27.3,16.6,0.0,0.0,0.0,9.3,27.0,342,2025-12-15T06:08,2025-12-15T16:54,36000.0,Kolkata,22.5726,88.3639
2025-12-16,3,21.1,26.4,16.0,0.0,0.0,0.0,7.9,25.2,328,2025-12-16T06:09,2025-12-16T16:54,36000.0,Kolkata,22.5726,88.3639
2025-12-17,0,21.1,26.1,15.9,0.0,0.0,0.0,9.7,27.4,341,2025-12-17T06:10,2025-12-17T16:55,36000.0,Kolkata,22.5726,88.3639
2025-12-18,1,21.7,27.7,16.4,0.0,0.0,0.0,7.1,23.4,347,2025-12-18T06:10,2025-12-18T16:55,36000.0,Kolkata,22.5726,88.3639
2025-12-19,3,22.0,27.4,16.8,0.0,0.0,0.0,9.1,24.5,344,2025-12-19T06:11,2025-12-19T16:56,36000.0,Kolkata,22.5726,88.3639
2025-12-20,3,20.3,24.6,16.4,0.0,0.0,0.0,8.9,25.9,360,2025-12-20T06:11,2025-12-20T16:56,31936.76,Kolkata,22.5726,88.3639
2025-12-21,3,20.2,25.2,15.2,0.0,0.0,0.0,8.0,24.1,8,2025-12-21T06:12,2025-12-21T16:57,35574.93,Kolkata,22.5726,88.3639
2025-12-22,3,20.4,25.7,15.4,0.0,0.0,0.0,8.2,24.8,357,2025-12-22T06:12,2025-12-22T16:57,33139.04,Kolkata,22.5726,88.3639
2025-12-23,0,20.0,25.0,15.2,0.0,0.0,0.0,9.0,27.4,342,2025-12-23T06:13,2025-12-23T16:58,36000.0,Kolkata,22.5726,88.3639
2025-12-24,3,19.5,24.6,14.8,0.0,0.0,0.0,9.6,28.4,342,2025-12-24T06:13,2025-12-24T16:58,36000.0,Kolkata,22.5726,88.3639
2025-12-25,0,18.1,22.7,13.8,0.0,0.0,0.0,12.2,33.1,353,2025-12-25T06:14,2025-12-25T16:59,36000.0,Kolkata,22.5726,88.3639
2025-12-26,0,17.6,22.9,12.3,0.0,0.0,0.0,7.3,23.4,331,2025-12-26T06:14,2025-12-26T17:00,36000.0,Kolkata,22.5726,88.3639
2025-12-27,2,18.2,23.4,13.0,0.0,0.0,0.0,10.1,29.2,327,2025-12-27T06:15,2025-12-27T17:00,35567.29,Kolkata,22.5726,88.3639
2025-12-28,0,17.8,22.8,13.2,0.0,0.0,0.0,9.6,28.4,341,2025-12-28T06:15,2025-12-28T17:01,36000.0,Kolkata,22.5726,88.3639
2025-12-29,0,16.9,21.4,12.6,0.0,0.0,0.0,9.0,27.4,348,2025-12-29T06:15,2025-12-29T17:01,36000.0,Kolkata,22.5726,88.3639
2025-12-30,0,15.9,20.5,11.6,0.0,0.0,0.0,9.0,28.1,352,2025-12-30T06:16,2025-12-30T17:02,36000.0,Kolkata,22.5726,88.3639
2025-12-31,0,16.5,21.9,11.7,0.0,0.0,0.0,8.3,25.6,9,2025-12-31T06:16,2025-12-31T17:03,36000.0,Kolkata,22.5726,88.3639
2026-01-01,0,17.9,24.0,11.6,0.0,0.0,0.0,8.5,26.6,351,2026-01-01T06:16,2026-01-01T17:03,36000.0,Kolkata,22.5726,88.3639
2026-01-02,0,19.2,24.6,13.5,0.0,0.0,0.0,9.4,28.1,342,2026-01-02T06:17,2026-01-02T17:04,36000.0,Kolkata,22.5726,88.3639
2026-01-03,0,19.1,24.3,13.8,0.0,0.0,0.0,9.9,28.8,341,2026-01-03T06:17,2026-01-03T17:04,36000.0,Kolkata,22.5726,88.3639
2026-01-04,0,18.4,23.1,14.4,0.0,0.0,0.0,10.8,30.2,356,2026-01-04T06:17,2026-01-04T17:05,36000.0,Kolkata,22.5726,88.3639
2026-01-05,0,16.0,20.2,12.6,0.0,0.0,0.0,10.4,29.9,355,2026-01-05T06:17,2026-01-05T17:06,36000.0,Kolkata,22.5726,88.3639
2026-01-06,1,15.3,20.1,10.7,0.0,0.0,0.0,10.7,30.2,351,2026-01-06T06:18,2026-01-06T17:06,36000.0,Kolkata,22.5726,88.3639
2026-01-07,1,16.6,23.1,10.7,0.0,0.0,0.0,8.2,25.6,346,2026-01-07T06:18,2026-01-07T17:07,36095.09,Kolkata,22.5726,88.3639
2026-01-08,0,16.8,23.0,10.6,0.0,0.0,0.0,10.6,30.2,349,2026-01-08T06:18,2026-01-08T17:08,36348.18,Kolkata,22.5726,88.3639
2026-01-09,2,17.0,23.4,11.2,0.0,0.0,0.0,10.8,30.2,338,2026-01-09T06:18,2026-01-09T17:08,36051.06,Kolkata,22.5726,88.3639
2026-01-10,3,17.0,22.8,10.7,0.0,0.0,0.0,10.0,28.4,337,2026-01-10T06:18,2026-01-10T17:09,36302.95,Kolkata,22.5726,88.3639
2026-01-11,3,18.6,24.4,14.3,0.0,0.0,0.0,12.4,33.1,333,2026-01-11T06:18,2026-01-11T17:10,32426.87,Kolkata,22.5726,88.3639
2026-01-12,0,18.4,24.5,13.1,0.0,0.0,0.0,10.6,29.9,343,2026-01-12T06:18,2026-01-12T17:10,36256.74,Kolkata,22.5726,88.3639
2026-01-13,0,18.5,24.7,13.4,0.0,0.0,0.0,9.6,25.9,323,2026-01-13T06:18,2026-01-13T17:11,36506.76,Kolkata,22.5726,88.3639
2026-01-14,0,18.1,24.2,13.1,0.0,0.0,0.0,9.9,23.4,321,2026-01-14T06:19,2026-01-14T17:12,36482.96,Kolkata,22.5726,88.3639
2026-01-15,0,17.8,23.5,12.9,0.0,0.0,0.0,9.8,29.5,322,2026-01-15T06:19,2026-01-15T17:13,36731.76,Kolkata,22.5726,88.3639
2026-01-16,3,17.9,24.5,12.4,0.0,0.0,0.0,8.2,24.8,329,2026-01-16T06:19,2026-01-16T17:13,36979.81,Kolkata,22.5726,88.3639
2026-01-17,3,18.7,25.0,13.2,0.0,0.0,0.0,7.8,23.8,334,2026-01-17T06:19,2026-01-17T17:14,36955.24,Kolkata,22.5726,88.3639
2026-01-18,0,19.7,26.4,13.3,0.0,0.0,0.0,8.9,26.3,351,2026-01-18T06:19,2026-01-18T17:15,36930.72,Kolkata,22.5726,88.3639
2026-01-19,0,20.8,27.9,13.9,0.0,0.0,0.0,8.0,24.5,330,2026-01-19T06:18,2026-01-19T17:15,37177.5,Kolkata,22.5726,88.3639
2026-01-20,0,22.1,29.1,14.4,0.0,0.0,0.0,8.7,23.8,340,2026-01-20T06:18,2026-01-20T17:16,36882.14,Kolkata,22.5726,88.3639
2026-01-21,1,22.6,28.8,15.9,0.0,0.0,0.0,9.2,27.0,346,2026-01-21T06:18,2026-01-21T17:17,37128.48,Kolkata,22.5726,88.3639
2026-01-22,0,21.5,26.9,16.8,0.0,0.0,0.0,10.0,29.2,2,2026-01-22T06:18,2026-01-22T17:18,37374.24,Kolkata,22.5726,88.3639
2026-01-23,0,20.7,26.7,14.9,0.0,0.0,0.0,10.2,29.5,351,2026-01-23T06:18,2026-01-23T17:18,37349.54,Kolkata,22.5726,88.3639
2026-01-24,0,21.1,27.6,14.2,0.0,0.0,0.0,10.9,30.2,341,2026-01-24T06:18,2026-01-24T17:19,37593.76,Kolkata,22.5726,88.3639
2026-01-25,1,21.9,28.2,15.3,0.0,0.0,0.0,10.3,28.4,327,2026-01-25T06:18,2026-01-25T17:20,37568.39,Kolkata,22.5726,88.3639
2026-01-26,0,22.4,28.1,16.6,0.0,0.0,0.0,12.1,31.7,356,2026-01-26T06:17,2026-01-26T17:20,37542.94,Kolkata,22.5726,88.3639
2026-01-27,0,21.9,26.9,17.2,0.0,0.0,0.0,11.7,33.5,360,2026-01-27T06:17,2026-01-27T17:21,37785.16,Kolkata,22.5726,88.3639
2026-01-28,1,22.1,28.4,16.0,0.0,0.0,0.0,10.6,31.0,358,2026-01-28T06:17,2026-01-28T17:22,38026.45,Kolkata,22.5726,88.3639
2026-01-29,0,23.1,28.4,17.4,0.0,0.0,0.0,11.1,32.0,359,2026-01-29T06:16,2026-01-29T17:22,38000.06,Kolkata,22.5726,88.3639
2026-01-30,3,22.4,27.3,17.6,0.0,0.0,0.0,8.5,26.6,353,2026-01-30T06:16,2026-01-30T17:23,37441.15,Kolkata,22.5726,88.3639
2026-01-31,3,21.8,27.1,16.8,0.0,0.0,0.0,11.2,32.4,3,2026-01-31T06:16,2026-01-31T17:24,37947.48,Kolkata,22.5726,88.3639
2026-02-01,3,21.3,27.0,15.9,0.0,0.0,0.0,10.1,29.9,357,2026-02-01T06:15,2026-02-01T17:24,37163.82,Kolkata,22.5726,88.3639
2026-02-02,3,21.3,27.4,15.6,0.0,0.0,0.0,8.5,27.0,352,2026-02-02T06:15,2026-02-02T17:25,36753.14,Kolkata,22.5726,88.3639
2026-02-03,3,21.9,28.2,15.9,0.0,0.0,0.0,9.5,25.6,0,2026-02-03T06:15,2026-02-03T17:26,37869.63,Kolkata,22.5726,88.3639
2026-02-04,3,22.8,28.7,17.1,0.0,0.0,0.0,9.2,27.4,346,2026-02-04T06:14,2026-02-04T17:26,39163.73,Kolkata,22.5726,88.3639
2026-02-05,0,22.9,28.3,17.6,0.0,0.0,0.0,10.7,31.0,349,2026-02-05T06:14,2026-02-05T17:27,39136.06,Kolkata,22.5726,88.3639
2026-02-06,0,21.6,26.7,16.5,0.0,0.0,0.0,12.6,35.3,341,2026-02-06T06:13,2026-02-06T17:27,39250.37,Kolkata,22.5726,88.3639
2026-02-07,0,20.5,26.3,14.6,0.0,0.0,0.0,10.4,31.0,339,2026-02-07T06:13,2026-02-07T17:28,39287.82,Kolkata,22.5726,88.3639
2026-02-08,0,21.5,27.3,14.6,0.0,0.0,0.0,10.1,30.6,336,2026-02-08T06:12,2026-02-08T17:29,39324.72,Kolkata,22.5726,88.3639
2026-02-09,2,21.9,27.3,16.5,0.0,0.0,0.0,12.1,34.6,354,2026-02-09T06:12,2026-02-09T17:29,39361.05,Kolkata,22.5726,88.3639
2026-02-10,0,22.1,28.4,15.2,0.0,0.0,0.0,10.1,30.2,332,2026-02-10T06:11,2026-02-10T17:30,39396.77,Kolkata,22.5726,88.3639
2026-02-11,0,23.2,30.0,15.8,0.0,0.0,0.0,9.4,28.1,349,2026-02-11T06:11,2026-02-11T17:30,39431.86,Kolkata,22.5726,88.3639
2026-02-12,0,23.3,29.3,16.7,0.0,0.0,0.0,11.1,32.0,334,2026-02-12T06:10,2026-02-12T17:31,39466.46,Kolkata,22.5726,88.3639
2026-02-13,3,22.8,28.8,16.9,0.0,0.0,0.0,12.7,35.3,348,2026-02-13T06:09,2026-02-13T17:32,39500.6,Kolkata,22.5726,88.3639
2026-02-14,3,23.3,29.2,16.6,0.0,0.0,0.0,9.7,30.2,312,2026-02-14T06:09,2026-02-14T17:32,39534.29,Kolkata,22.5726,88.3639
2026-02-15,3,23.5,29.7,17.4,0.0,0.0,0.0,10.9,31.7,339,2026-02-15T06:08,2026-02-15T17:33,39567.53,Kolkata,22.5726,88.3639
2026-02-16,3,23.5,29.5,16.7,0.0,0.0,0.0,12.3,34.2,351,2026-02-16T06:08,2026-02-16T17:33,39600.0,Kolkata,22.5726,88.3639
2026-02-17,0,23.5,30.2,16.8,0.0,0.0,0.0,11.7,33.5,345,2026-02-17T06:07,2026-02-17T17:34,39600.0,Kolkata,22.5726,88.3639
2026-02-18,0,24.6,31.1,18.1,0.0,0.0,0.0,8.8,27.7,352,2026-02-18T06:06,2026-02-18T17:34,39600.0,Kolkata,22.5726,88.3639
2026-02-19,3,25.5,31.8,18.4,0.0,0.0,0.0,10.1,28.4,351,2026-02-19T06:06,2026-02-19T17:35,39189.38,Kolkata,22.5726,88.3639
2026-02-20,3,26.6,32.1,19.8,0.0,0.0,0.0,9.4,28.4,332,2026-02-20T06:05,2026-02-20T17:35,38614.64,Kolkata,22.5726,88.3639
2026-02-21,0,26.3,32.3,19.4,0.0,0.0,0.0,8.3,27.4,331,2026-02-21T06:04,2026-02-21T17:36,39600.0,Kolkata,22.5726,88.3639
2026-02-22,3,26.9,32.8,20.6,0.0,0.0,0.0,9.9,28.1,238,2026-02-22T06:03,2026-02-22T17:36,39600.0,Kolkata,22.5726,88.3639
2026-02-23,2,26.7,32.4,20.7,0.0,0.0,0.0,7.5,23.4,308,2026-02-23T06:03,2026-02-23T17:37,39600.0,Kolkata,22.5726,88.3639
2026-02-24,65,23.3,27.2,19.0,13.5,13.5,6.0,14.4,38.5,89,2026-02-24T06:02,2026-02-24T17:37,22696.76,Kolkata,22.5726,88.3639
2026-02-25,3,24.2,29.0,19.7,0.0,0.0,0.0,9.4,24.1,291,2026-02-25T06:01,2026-02-25T17:38,38840.35,Kolkata,22.5726,88.3639
2026-02-26,0,23.6,29.1,18.0,0.0,0.0,0.0,8.4,22.3,292,2026-02-26T06:00,2026-02-26T17:38,39600.0,Kolkata,22.5726,88.3639
2026-02-27,0,23.7,29.1,18.5,0.0,0.0,0.0,10.3,26.3,255,2026-02-27T05:59,2026-02-27T17:39,39600.0,Kolkata,22.5726,88.3639
2026-02-28,0,24.9,31.7,18.4,0.0,0.0,0.0,10.1,22.0,230,2026-02-28T05:59,2026-02-28T17:39,39600.0,Kolkata,22.5726,88.3639
2026-03-01,51,26.9,33.7,21.9,0.1,0.1,1.0,12.2,26.6,208,2026-03-01T05:58,2026-03-01T17:40,37700.39,Kolkata,22.5726,88.3639
2026-03-02,3,27.8,32.9,23.6,0.0,0.0,0.0,10.6,29.9,347,2026-03-02T05:57,2026-03-02T17:40,36000.0,Kolkata,22.5726,88.3639
2026-03-03,0,26.5,33.0,19.2,0.0,0.0,0.0,10.4,29.5,293,2026-03-03T05:56,2026-03-03T17:41,39600.0,Kolkata,22.5726,88.3639
2026-03-04,0,26.8,32.5,21.8,0.0,0.0,0.0,14.1,37.4,302,2026-03-04T05:55,2026-03-04T17:41,39600.0,Kolkata,22.5726,88.3639
2026-03-05,0,27.3,33.7,20.2,0.0,0.0,0.0,6.3,20.9,328,2026-03-05T05:54,2026-03-05T17:41,39600.0,Kolkata,22.5726,88.3639
2026-03-06,3,27.4,33.8,22.4,0.0,0.0,0.0,8.2,22.0,178,2026-03-06T05:54,2026-03-06T17:42,33223.18,Kolkata,22.5726,88.3639
2026-03-07,53,26.7,31.3,22.8,0.8,0.8,4.0,9.6,28.1,177,2026-03-07T05:53,2026-03-07T17:42,35247.57,Kolkata,22.5726,88.3639
2026-03-08,51,26.8,31.2,23.4,0.3,0.3,3.0,9.4,26.6,163,2026-03-08T05:52,2026-03-08T17:43,31371.23,Kolkata,22.5726,88.3639
2026-03-09,61,27.0,32.7,23.9,2.8,2.8,7.0,16.5,41.4,175,2026-03-09T05:51,2026-03-09T17:43,35405.6,Kolkata,22.5726,88.3639
2026-03-10,61,26.8,30.7,23.3,2.7,2.7,4.0,6.2,20.9,188,2026-03-10T05:50,2026-03-10T17:43,36145.58,Kolkata,22.5726,88.3639
2026-03-11,61,27.0,32.1,24.5,4.0,4.0,8.0,10.5,31.0,208,2026-03-11T05:49,2026-03-11T17:44,31880.73,Kolkata,22.5726,88.3639
2026-03-12,65,26.6,30.7,22.1,15.3,15.3,6.0,13.2,31.7,164,2026-03-12T05:48,2026-03-12T17:44,28899.29,Kolkata,22.5726,88.3639
2026-03-13,3,29.0,35.5,25.2,0.0,0.0,0.0,15.5,37.8,199,2026-03-13T05:47,2026-03-13T17:45,39600.0,Kolkata,22.5726,88.3639
2026-03-14,51,29.0,35.3,25.7,0.2,0.2,2.0,14.8,41.0,194,2026-03-14T05:46,2026-03-14T17:45,36000.0,Kolkata,22.5726,88.3639
2026-03-15,65,27.0,32.6,22.7,22.8,22.8,3.0,24.0,55.4,193,2026-03-15T05:45,2026-03-15T17:45,35462.34,Kolkata,22.5726,88.3639
2026-03-16,63,26.2,34.4,22.4,5.3,5.3,2.0,15.2,38.9,181,2026-03-16T05:44,2026-03-16T17:46,40346.81,Kolkata,22.5726,88.3639
2026-03-17,53,26.6,32.3,22.4,0.6,0.6,1.0,17.0,36.0,199,2026-03-17T05:43,2026-03-17T17:46,31628.42,Kolkata,22.5726,88.3639
2026-03-18,63,26.3,32.3,23.3,6.4,6.4,2.0,13.8,35.3,182,2026-03-18T05:42,2026-03-18T17:46,36439.54,Kolkata,22.5726,88.3639
2026-03-19,63,26.0,34.2,22.1,9.5,9.5,10.0,15.5,41.8,164,2026-03-19T05:41,2026-03-19T17:47,32400.0,Kolkata,22.5726,88.3639
2026-03-20,65,25.5,30.3,21.1,16.8,16.8,5.0,16.0,46.8,163,2026-03-20T05:41,2026-03-20T17:47,23513.59,Kolkata,22.5726,88.3639
2026-03-21,61,22.0,25.1,19.9,7.0,7.0,15.0,14.8,35.3,95,2026-03-21T05:40,2026-03-21T17:48,16308.38,Kolkata,22.5726,88.3639
2026-03-22,51,22.9,27.0,18.5,0.3,0.3,3.0,7.4,23.0,322,2026-03-22T05:39,2026-03-22T17:48,37447.52,Kolkata,22.5726,88.3639
2026-03-23,51,25.4,30.1,21.1,0.8,0.8,4.0,9.5,24.1,228,2026-03-23T05:38,2026-03-23T17:48,40396.14,Kolkata,22.5726,88.3639
2026-03-24,3,27.4,33.3,22.7,0.0,0.0,0.0,12.9,32.8,205,2026-03-24T05:37,2026-03-24T17:49,36987.37,Kolkata,22.5726,88.3639
2026-03-25,51,27.9,33.8,24.6,0.4,0.4,3.0,12.0,30.2,201,2026-03-25T05:36,2026-03-25T17:49,36989.83,Kolkata,22.5726,88.3639
2026-03-26,53,28.8,34.9,22.0,0.5,0.5,1.0,9.5,23.0,183,2026-03-26T05:35,2026-03-26T17:49,35726.82,Kolkata,22.5726,88.3639
2026-03-27,3,30.3,37.7,25.2,0.0,0.0,0.0,16.6,39.2,219,2026-03-27T05:34,2026-03-27T17:50,36521.27,Kolkata,22.5726,88.3639
2026-03-28,63,26.8,32.3,22.9,16.0,16.0,8.0,24.5,49.0,103,2026-03-28T05:33,2026-03-28T17:50,36485.77,Kolkata,22.5726,88.3639
2026-03-29,63,27.6,33.2,23.2,8.8,8.8,5.0,12.0,31.7,159,2026-03-29T05:32,2026-03-29T17:50,39600.64,Kolkata,22.5726,88.3639
2026-03-30,53,28.2,31.5,25.6,1.5,1.5,6.0,11.8,27.0,190,2026-03-30T05:31,2026-03-30T17:51,30643.1,Kolkata,22.5726,88.3639
2026-03-31,63,27.2,31.0,23.7,2.9,2.9,1.0,14.9,35.3,190,2026-03-31T05:30,2026-03-31T17:51,33610.32,Kolkata,22.5726,88.3639
2026-04-01,3,29.7,35.8,25.0,0.0,0.0,0.0,11.2,25.6,205,2026-04-01T05:29,2026-04-01T17:51,38243.19,Kolkata,22.5726,88.3639
2026-04-02,51,30.6,37.3,26.0,0.2,0.2,1.0,14.2,41.4,206,2026-04-02T05:28,2026-04-02T17:52,42866.37,Kolkata,22.5726,88.3639
2026-04-03,3,31.4,38.0,26.4,0.0,0.0,0.0,12.6,34.2,210,2026-04-03T05:27,2026-04-03T17:52,42840.64,Kolkata,22.5726,88.3639
2026-04-04,3,32.0,38.0,27.0,0.0,0.0,0.0,13.1,33.1,249,2026-04-04T05:26,2026-04-04T17:53,41064.02,Kolkata,22.5726,88.3639
2026-04-05,53,28.5,31.6,26.3,1.8,1.8,4.0,18.7,47.2,260,2026-04-05T05:25,2026-04-05T17:53,32305.11,Kolkata,22.5726,88.3639
2026-04-06,63,27.2,33.1,23.4,7.5,7.5,5.0,10.7,28.1,250,2026-04-06T05:24,2026-04-06T17:53,43200.0,Kolkata,22.5726,88.3639
2026-04-07,53,26.2,31.8,22.1,1.0,1.0,2.0,11.3,30.6,166,2026-04-07T05:23,2026-04-07T17:54,43135.99,Kolkata,22.5726,88.3639
2026-04-08,63,25.4,31.1,22.1,12.8,12.8,9.0,17.3,40.7,176,2026-04-08T05:23,2026-04-08T17:54,32625.2,Kolkata,22.5726,88.3639
2026-04-09,65,24.1,27.5,21.2,34.9,34.9,12.0,13.0,34.2,117,2026-04-09T05:22,2026-04-09T17:54,23088.46,Kolkata,22.5726,88.3639
2026-04-10,3,26.6,31.5,22.6,0.0,0.0,0.0,9.3,24.1,236,2026-04-10T05:21,2026-04-10T17:55,37265.47,Kolkata,22.5726,88.3639
2026-04-11,1,27.7,32.8,23.4,0.0,0.0,0.0,8.3,19.4,226,2026-04-11T05:20,2026-04-11T17:55,43200.0,Kolkata,22.5726,88.3639
2026-04-12,3,28.9,34.7,24.9,0.0,0.0,0.0,14.2,31.0,213,2026-04-12T05:19,2026-04-12T17:55,36898.49,Kolkata,22.5726,88.3639
2026-04-13,1,30.0,35.5,26.0,0.0,0.0,0.0,13.9,36.0,198,2026-04-13T05:18,2026-04-13T17:56,43200.0,Kolkata,22.5726,88.3639
2026-04-14,3,31.1,37.5,26.9,0.0,0.0,0.0,14.1,33.5,216,2026-04-14T05:17,2026-04-14T17:56,39600.0,Kolkata,22.5726,88.3639
2026-04-15,53,31.0,37.7,26.6,0.9,0.9,1.0,14.9,34.9,199,2026-04-15T05:16,2026-04-15T17:57,43200.0,Kolkata,22.5726,88.3639
2026-04-16,63,29.4,35.3,25.6,6.7,6.7,6.0,16.4,40.7,176,2026-04-16T05:16,2026-04-16T17:57,36046.18,Kolkata,22.5726,88.3639
2026-04-17,51,29.8,34.6,26.5,0.9,0.9,6.0,10.8,24.5,171,2026-04-17T05:15,2026-04-17T17:57,38632.48,Kolkata,22.5726,88.3639
2026-04-18,3,30.2,34.9,27.0,0.0,0.0,0.0,12.7,31.0,191,2026-04-18T05:14,2026-04-18T17:58,39600.0,Kolkata,22.5726,88.3639
2026-04-19,3,30.7,35.7,27.5,0.0,0.0,0.0,14.2,33.1,186,2026-04-19T05:13,2026-04-19T17:58,39600.0,Kolkata,22.5726,88.3639
2026-04-20,3,31.3,37.4,26.9,0.0,0.0,0.0,15.4,35.3,189,2026-04-20T05:12,2026-04-20T17:58,39600.0,Kolkata,22.5726,88.3639
2026-04-21,2,31.5,38.0,27.0,0.0,0.0,0.0,13.1,30.2,192,2026-04-21T05:11,2026-04-21T17:59,43200.0,Kolkata,22.5726,88.3639
2026-04-22,51,31.8,38.0,27.6,0.3,0.3,1.0,12.9,36.0,159,2026-04-22T05:11,2026-04-22T17:59,39600.0,Kolkata,22.5726,88.3639
2026-04-23,3,31.7,38.0,27.0,0.0,0.0,0.0,14.9,34.9,182,2026-04-23T05:10,2026-04-23T18:00,37410.87,Kolkata,22.5726,88.3639
2026-04-24,3,32.1,38.3,28.1,0.0,0.0,0.0,13.6,33.8,183,2026-04-24T05:09,2026-04-24T18:00,37047.38,Kolkata,22.5726,88.3639
2026-04-25,3,31.7,37.7,28.1,0.0,0.0,0.0,15.1,38.9,186,2026-04-25T05:08,2026-04-25T18:00,39736.04,Kolkata,22.5726,88.3639
2026-04-26,51,31.0,35.3,27.5,0.3,0.3,2.0,17.0,40.3,176,2026-04-26T05:08,2026-04-26T18:01,41458.06,Kolkata,22.5726,88.3639
2026-04-27,3,30.9,35.1,28.0,0.0,0.0,0.0,21.1,50.0,188,2026-04-27T05:07,2026-04-27T18:01,31563.02,Kolkata,22.5726,88.3639
2026-04-28,65,30.6,36.1,26.4,24.8,24.8,2.0,23.6,54.4,182,2026-04-28T05:06,2026-04-28T18:02,35309.72,Kolkata,22.5726,88.3639
2026-04-29,53,28.2,33.1,22.6,1.4,1.4,7.0,18.3,43.2,153,2026-04-29T05:05,2026-04-29T18:02,33782.66,Kolkata,22.5726,88.3639
2026-04-30,63,25.4,30.4,21.7,11.0,11.0,6.0,12.2,30.2,141,2026-04-30T05:05,2026-04-30T18:03,36038.78,Kolkata,22.5726,88.3639
2026-05-01,51,25.6,29.5,21.8,0.2,0.2,2.0,9.7,25.2,158,2026-05-01T05:04,2026-05-01T18:03,30545.86,Kolkata,22.5726,88.3639
2026-05-02,53,26.7,34.0,23.8,1.3,1.3,4.0,20.6,49.3,147,2026-05-02T05:03,2026-05-02T18:03,39222.1,Kolkata,22.5726,88.3639
2026-05-03,65,26.9,30.9,23.6,19.2,19.2,10.0,9.5,42.8,126,2026-05-03T05:03,2026-05-03T18:04,30721.87,Kolkata,22.5726,88.3639
2026-05-04,53,27.9,32.7,25.4,2.3,2.3,8.0,12.1,28.1,151,2026-05-04T05:02,2026-05-04T18:04,40268.66,Kolkata,22.5726,88.3639
2026-05-05,63,26.4,30.0,22.2,9.8,9.8,3.0,21.7,45.7,102,2026-05-05T05:01,2026-05-05T18:05,26149.92,Kolkata,22.5726,88.3639
2026-05-06,65,27.3,32.1,23.7,13.7,13.7,4.0,8.3,34.2,139,2026-05-06T05:01,2026-05-06T18:05,37058.35,Kolkata,22.5726,88.3639
2026-05-07,63,26.3,30.7,23.5,6.7,6.7,4.0,22.3,52.6,98,2026-05-07T05:00,2026-05-07T18:06,39600.0,Kolkata,22.5726,88.3639
2026-05-08,63,26.8,32.2,23.1,4.0,4.0,6.0,10.2,29.2,214,2026-05-08T05:00,2026-05-08T18:06,37955.85,Kolkata,22.5726,88.3639
2026-05-09,61,27.5,32.3,24.4,2.6,2.6,3.0,12.9,28.8,145,2026-05-09T04:59,2026-05-09T18:07,33209.73,Kolkata,22.5726,88.3639
2026-05-10,51,27.1,31.2,23.9,0.5,0.5,4.0,11.0,19.1,150,2026-05-10T04:59,2026-05-10T18:07,32872.11,Kolkata,22.5726,88.3639
2026-05-11,65,27.2,31.3,22.4,22.8,22.8,9.0,19.0,42.8,146,2026-05-11T04:58,2026-05-11T18:07,39883.42,Kolkata,22.5726,88.3639
2026-05-12,63,28.9,33.1,25.9,3.7,3.7,5.0,11.1,31.0,170,2026-05-12T04:58,2026-05-12T18:08,40699.01,Kolkata,22.5726,88.3639
2026-05-13,63,29.5,32.9,26.7,9.6,9.6,6.0,14.8,46.1,182,2026-05-13T04:57,2026-05-13T18:08,38952.19,Kolkata,22.5726,88.3639
2026-05-14,61,30.4,35.9,24.9,3.5,3.5,4.0,15.2,36.0,200,2026-05-14T04:57,2026-05-14T18:09,41776.91,Kolkata,22.5726,88.3639
2026-05-15,53,31.1,35.6,27.9,1.0,1.0,4.0,14.1,36.4,191,2026-05-15T04:56,2026-05-15T18:09,41299.02,Kolkata,22.5726,88.3639
2026-05-16,51,30.8,35.2,27.9,0.4,0.4,3.0,15.7,34.2,195,2026-05-16T04:56,2026-05-16T18:10,40584.27,Kolkata,22.5726,88.3639
2026-05-17,63,31.3,35.7,28.3,4.8,4.8,2.0,14.8,33.1,191,2026-05-17T04:55,2026-05-17T18:10,39696.93,Kolkata,22.5726,88.3639
2026-05-18,63,31.6,37.2,29.0,6.5,6.5,2.0,15.3,33.8,179,2026-05-18T04:55,2026-05-18T18:11,40957.42,Kolkata,22.5726,88.3639
2026-05-19,51,31.6,36.1,28.7,0.3,0.3,2.0,17.6,42.5,166,2026-05-19T04:54,2026-05-19T18:11,39600.0,Kolkata,22.5726,88.3639
2026-05-20,2,32.0,36.7,28.6,0.0,0.0,0.0,10.8,24.5,162,2026-05-20T04:54,2026-05-20T18:12,39592.72,Kolkata,22.5726,88.3639
2026-05-21,3,32.0,36.4,28.5,0.0,0.0,0.0,12.6,31.0,161,2026-05-21T04:54,2026-05-21T18:12,40192.1,Kolkata,22.5726,88.3639
2026-05-22,63,31.5,36.0,28.7,8.9,8.9,4.0,12.6,36.4,173,2026-05-22T04:53,2026-05-22T18:13,27950.41,Kolkata,22.5726,88.3639
2026-05-23,63,31.1,35.5,26.2,3.6,3.6,7.0,16.2,44.6,182,2026-05-23T04:53,2026-05-23T18:13,39600.0,Kolkata,22.5726,88.3639
2026-05-24,53,32.2,35.9,29.5,1.0,1.0,3.0,15.9,38.2,183,2026-05-24T04:53,2026-05-24T18:13,41624.55,Kolkata,22.5726,88.3639
2026-05-25,3,31.8,35.0,29.4,0.0,0.0,0.0,21.9,51.8,186,2026-05-25T04:53,2026-05-25T18:14,40207.47,Kolkata,22.5726,88.3639
2026-05-26,51,32.3,36.4,29.6,0.2,0.2,2.0,15.9,39.2,181,2026-05-26T04:52,2026-05-26T18:14,39411.77,Kolkata,22.5726,88.3639
2026-05-27,65,29.2,33.9,25.5,24.7,24.7,9.0,12.3,41.0,149,2026-05-27T04:52,2026-05-27T18:15,33630.11,Kolkata,22.5726,88.3639
2026-05-28,63,29.4,33.7,26.1,3.9,3.9,5.0,10.6,27.4,135,2026-05-28T04:52,2026-05-28T18:15,39734.26,Kolkata,22.5726,88.3639
2026-05-29,65,29.2,37.1,25.9,14.4,14.4,5.0,21.7,59.8,139,2026-05-29T04:52,2026-05-29T18:16,34062.02,Kolkata,22.5726,88.3639
2026-05-30,61,27.9,33.2,24.0,3.4,3.4,3.0,8.7,49.3,122,2026-05-30T04:52,2026-05-30T18:16,37408.13,Kolkata,22.5726,88.3639
2026-05-31,51,30.3,34.9,26.5,0.3,0.3,1.0,14.3,32.4,183,2026-05-31T04:51,2026-05-31T18:17,42882.58,Kolkata,22.5726,88.3639
2026-06-01,61,31.6,35.5,28.3,2.8,2.8,5.0,12.8,33.8,172,2026-06-01T04:51,2026-06-01T18:17,42826.41,Kolkata,22.5726,88.3639
2026-06-02,51,32.4,37.7,28.3,0.4,0.4,2.0,10.9,28.4,180,2026-06-02T04:51,2026-06-02T18:17,43074.39,Kolkata,22.5726,88.3639
2026-06-03,53,32.5,37.3,29.2,0.8,0.8,3.0,12.2,32.8,191,2026-06-03T04:51,2026-06-03T18:18,41612.29,Kolkata,22.5726,88.3639
2026-06-04,63,32.6,37.6,29.5,11.2,11.2,5.0,14.9,38.5,182,2026-06-04T04:51,2026-06-04T18:18,39968.51,Kolkata,22.5726,88.3639
2026-06-05,53,31.1,35.0,29.5,1.2,1.2,3.0,11.6,31.3,135,2026-06-05T04:51,2026-06-05T18:19,30936.46,Kolkata,22.5726,88.3639
2026-06-06,63,29.3,34.1,26.0,19.2,19.2,10.0,11.5,29.5,134,2026-06-06T04:51,2026-06-06T18:19,26375.98,Kolkata,22.5726,88.3639
2026-06-07,63,29.0,32.8,26.4,10.1,10.1,8.0,16.4,36.0,159,2026-06-07T04:51,2026-06-07T18:19,29205.69,Kolkata,22.5726,88.3639
2026-06-08,53,30.7,36.5,26.3,1.5,1.5,5.0,13.5,30.6,193,2026-06-08T04:51,2026-06-08T18:20,43200.0,Kolkata,22.5726,88.3639
2026-06-09,3,31.9,35.5,27.8,0.0,0.0,0.0,11.9,30.2,182,2026-06-09T04:51,2026-06-09T18:20,42830.27,Kolkata,22.5726,88.3639
2026-06-10,65,30.3,35.0,27.7,9.3,9.3,3.0,18.9,46.4,155,2026-06-10T04:51,2026-06-10T18:20,43200.0,Kolkata,22.5726,88.3639
2026-06-11,65,28.6,33.5,26.0,16.4,16.4,10.0,12.4,40.0,159,2026-06-11T04:51,2026-06-11T18:21,37893.74,Kolkata,22.5726,88.3639
2026-06-12,53,28.6,32.6,25.4,1.3,1.3,5.0,9.8,24.5,138,2026-06-12T04:51,2026-06-12T18:21,39336.49,Kolkata,22.5726,88.3639
2026-06-13,53,29.2,32.9,26.3,1.5,1.5,4.0,15.0,40.7,177,2026-06-13T04:51,2026-06-13T18:21,38390.81,Kolkata,22.5726,88.3639
2026-06-14,55,29.8,33.1,27.4,1.9,1.9,4.0,12.4,41.4,194,2026-06-14T04:51,2026-06-14T18:22,28322.96,Kolkata,22.5726,88.3639
2026-06-15,65,31.0,35.9,28.3,15.1,15.1,7.0,15.5,39.6,174,2026-06-15T04:51,2026-06-15T18:22,38692.68,Kolkata,22.5726,88.3639
2026-06-16,61,31.6,36.2,28.5,4.1,4.1,6.0,13.0,32.8,179,2026-06-16T04:51,2026-06-16T18:22,43312.71,Kolkata,22.5726,88.3639
2026-06-17,53,32.1,36.2,28.6,1.4,1.4,5.0,10.7,28.4,186,2026-06-17T04:52,2026-06-17T18:23,43029.87,Kolkata,22.5726,88.3639
2026-06-18,55,30.1,35.7,25.8,4.4,4.4,9.0,14.3,42.1,162,2026-06-18T04:52,2026-06-18T18:23,34603.26,Kolkata,22.5726,88.3639
2026-06-19,65,27.7,30.6,26.0,45.6,45.6,8.0,12.1,27.4,181,2026-06-19T04:52,2026-06-19T18:23,15286.95,Kolkata,22.5726,88.3639
2026-06-20,53,30.1,34.5,27.0,1.2,1.2,5.0,12.4,29.2,181,2026-06-20T04:52,2026-06-20T18:23,41196.95,Kolkata,22.5726,88.3639
2026-06-21,63,29.3,34.0,27.0,13.3,13.3,9.0,12.0,28.4,185,2026-06-21T04:52,2026-06-21T18:24,14353.2,Kolkata,22.5726,88.3639
2026-06-22,65,28.2,31.3,26.4,27.0,27.0,15.0,12.2,30.6,175,2026-06-22T04:53,2026-06-22T18:24,26923.42,Kolkata,22.5726,88.3639
2026-06-23,63,29.0,32.4,27.3,14.5,14.5,12.0,9.9,32.0,170,2026-06-23T04:53,2026-06-23T18:24,29475.05,Kolkata,22.5726,88.3639
2026-06-24,63,29.4,33.4,27.9,5.5,5.5,3.0,9.8,37.4,177,2026-06-24T04:53,2026-06-24T18:24,10991.12,Kolkata,22.5726,88.3639
2026-06-25,55,29.7,34.9,27.1,3.1,3.1,7.0,13.8,33.8,164,2026-06-25T04:53,2026-06-25T18:24,37225.06,Kolkata,22.5726,88.3639
2026-06-26,63,29.8,32.9,27.0,6.2,6.2,5.0,9.3,27.4,166,2026-06-26T04:54,2026-06-26T18:25,44119.09,Kolkata,22.5726,88.3639
2026-06-27,53,30.2,34.3,27.5,2.0,2.0,8.0,12.3,26.6,160,2026-06-27T04:54,2026-06-27T18:25,43842.12,Kolkata,22.5726,88.3639
2026-06-28,63,29.7,32.8,27.5,12.6,12.6,11.0,12.0,33.1,182,2026-06-28T04:54,2026-06-28T18:25,40811.67,Kolkata,22.5726,88.3639
2026-06-29,63,29.2,34.0,27.1,24.5,24.5,13.0,10.5,25.9,177,2026-06-29T04:54,2026-06-29T18:25,24217.54,Kolkata,22.5726,88.3639
2026-06-30,61,28.1,32.3,26.8,10.2,10.2,13.0,13.7,34.9,169,2026-06-30T04:55,2026-06-30T18:25,23457.94,Kolkata,22.5726,88.3639
